inflight_hi,bw_hi,inflight_lo,bw_lo,phase,cwnd,timestamp
1255,95985704,,,PROBE_BW_CRUISE,1069,1778061625000
1255,95985704,1251.0,95610088.0,PROBE_BW_CRUISE,1069,1778061625499
1255,95985704,1251.0,95610088.0,PROBE_BW_CRUISE,1069,1778061626000
1255,95985704,1251.0,95610088.0,PROBE_BW_CRUISE,1069,1778061627000
1255,95985704,,,PROBE_BW_REFILL,1255,1778061628000
1255,95985704,,,PROBE_BW_UP,1255,1778061628034
1256,96024368,,,PROBE_BW_UP,1256,1778061628068
1262,96024368,,,PROBE_BW_UP,1262,1778061628103
1277,96083056,,,PROBE_BW_UP,1277,1778061628137
1257,96024368,,,PROBE_BW_UP,1257,1778061628172
1265,96024368,,,PROBE_BW_UP,1265,1778061628206
1278,96087200,,,PROBE_BW_UP,1278,1778061628241
1264,96024368,,,PROBE_BW_UP,1264,1778061628275
1277,96087200,,,PROBE_BW_UP,1277,1778061628310
1255,96024368,,,PROBE_BW_UP,1255,1778061628344
1258,96024368,,,PROBE_BW_UP,1258,1778061628378
1266,96024368,,,PROBE_BW_UP,1266,1778061628413
1281,96103768,,,PROBE_BW_UP,1281,1778061628447
1268,96024368,,,PROBE_BW_UP,1268,1778061628482
1283,96103768,,,PROBE_BW_UP,1283,1778061628516
1280,96103768,,,PROBE_BW_UP,1280,1778061628551
1263,96024368,,,PROBE_BW_UP,1263,1778061628585
1277,96024368,,,PROBE_BW_UP,1277,1778061628620
1255,95985704,1251.0,95610088.0,PROBE_BW_CRUISE,1069,1778061628654
1260,96024368,,,PROBE_BW_UP,1260,1778061628688
1275,96024368,,,PROBE_BW_UP,1275,1778061628723
1282,96103768,,,PROBE_BW_UP,1282,1778061628757
1259,96024368,,,PROBE_BW_UP,1259,1778061628792
1271,96024368,,,PROBE_BW_UP,1271,1778061628826
1287,96103768,,,PROBE_BW_UP,1287,1778061628861
1255,95985704,,,PROBE_BW_REFILL,1164,1778061628895
1261,96024368,,,PROBE_BW_UP,1261,1778061628930
1286,96103768,,,PROBE_BW_UP,1286,1778061628964
1268,96103768,,,PROBE_BW_DOWN,1268,1778061629000
1268,96103768,1251.0,95900776.0,PROBE_BW_CRUISE,1080,1778061629124
1268,96103768,1256.0,95730232.0,PROBE_BW_CRUISE,1080,1778061629249
1297,96103768,,,PROBE_BW_UP,1297,1778061629374
1290,96103768,,,PROBE_BW_UP,1290,1778061629499
1291,96103768,,,PROBE_BW_UP,1291,1778061629624
1294,96103768,,,PROBE_BW_UP,1294,1778061629749
1268,96103768,,,PROBE_BW_CRUISE,1080,1778061629874
1268,96103768,1256.0,95730232.0,PROBE_BW_CRUISE,1080,1778061630000
1268,96103768,1256.0,95730232.0,PROBE_RTT,414,1778061630499
1268,96103768,1256.0,95730232.0,PROBE_RTT,414,1778061631000
1268,96103768,,,PROBE_BW_CRUISE,1080,1778061631499
1268,96103768,,,PROBE_BW_CRUISE,1080,1778061632000
1268,96103768,,,PROBE_BW_CRUISE,1080,1778061633000
1268,96103768,,,PROBE_BW_UP,1268,1778061633142
1268,96103768,,,PROBE_BW_REFILL,1106,1778061633285
1268,96103768,,,PROBE_BW_REFILL,1268,1778061633428
1268,96103768,,,PROBE_BW_REFILL,1130,1778061633570
1268,96103768,,,PROBE_BW_REFILL,1128,1778061633713
1268,96103768,,,PROBE_BW_REFILL,1176,1778061633856
1268,96103768,,,PROBE_BW_DOWN,1268,1778061634000
1268,95934608,,,PROBE_BW_REFILL,1268,1778061634090
1268,95934608,,,PROBE_BW_UP,1268,1778061634181
1269,95990536,,,PROBE_BW_UP,1269,1778061634272
1275,95990536,,,PROBE_BW_UP,1275,1778061634363
1268,96103768,,,PROBE_BW_UP,1268,1778061634454
1270,95990536,,,PROBE_BW_UP,1270,1778061634544
1271,95990536,,,PROBE_BW_UP,1271,1778061634635
1272,95990536,,,PROBE_BW_UP,1272,1778061634726
1274,95990536,,,PROBE_BW_UP,1274,1778061634817
1273,95990536,,,PROBE_BW_UP,1273,1778061634908
1268,95990536,,,PROBE_BW_CRUISE,1080,1778061635000
1281,95990536,1253.0,95802728.0,PROBE_BW_CRUISE,1091,1778061635076
1277,95990536,,,PROBE_BW_UP,1277,1778061635153
1279,95990536,,,PROBE_BW_UP,1279,1778061635230
1281,95990536,1252.0,95940128.0,PROBE_BW_CRUISE,1091,1778061635307
1281,95990536,,,PROBE_BW_UP,1281,1778061635384
1276,95990536,,,PROBE_BW_UP,1276,1778061635461
1268,95990536,,,PROBE_BW_DOWN,1268,1778061635537
1285,95990536,,,PROBE_BW_UP,1285,1778061635614
1278,95990536,,,PROBE_BW_UP,1278,1778061635691
1268,95990536,1252.0,95940128.0,PROBE_BW_CRUISE,1080,1778061635768
1279,95990536,,,PROBE_BW_UP,1278,1778061635845
1282,95990536,,,PROBE_BW_UP,1282,1778061635922
1281,95990536,1253.0,95802728.0,PROBE_BW_CRUISE,1091,1778061636000
1281,95990536,1253.0,95802728.0,PROBE_BW_CRUISE,1091,1778061637000
1281,95990536,,,PROBE_BW_REFILL,1281,1778061637199
1281,95990536,,,PROBE_BW_UP,1281,1778061637399
1281,95990536,,,PROBE_BW_DOWN,1281,1778061637599
1281,95990536,,,PROBE_BW_REFILL,1262,1778061637799
1277,95990536,,,PROBE_BW_DOWN,1277,1778061638000
1277,95990536,1256.0,95874536.0,PROBE_BW_DOWN,1256,1778061638249
1277,95990536,1256.0,95874536.0,PROBE_BW_CRUISE,1088,1778061638499
1281,95990536,,,PROBE_BW_DOWN,1281,1778061638749
1277,95990536,1256.0,95874536.0,PROBE_BW_CRUISE,1088,1778061639000
1277,95990536,1256.0,95874536.0,PROBE_BW_CRUISE,1088,1778061640000
1277,95990536,,,PROBE_BW_UP,1277,1778061640166
1277,95990536,,,PROBE_RTT,415,1778061640333
1277,95990536,,,PROBE_BW_CRUISE,1088,1778061640499
1277,95990536,,,PROBE_BW_REFILL,1277,1778061640666
1277,95990536,,,PROBE_BW_REFILL,1250,1778061640832
1277,95990536,,,PROBE_BW_CRUISE,1088,1778061641000
1277,95990536,,,PROBE_BW_CRUISE,1088,1778061642000
1277,95990536,,,PROBE_BW_REFILL,1277,1778061642124
1277,95990536,,,PROBE_BW_UP,1277,1778061642249
1277,96032656,,,PROBE_BW_DOWN,1277,1778061642374
1277,95990536,,,PROBE_BW_REFILL,1138,1778061642499
1277,95990536,,,PROBE_BW_REFILL,1166,1778061642624
1277,95990536,,,PROBE_BW_REFILL,1162,1778061642749
1277,95990536,,,PROBE_BW_REFILL,1222,1778061642874
1277,96083744,,,PROBE_BW_REFILL,1277,1778061643000
1277,96083744,,,PROBE_BW_UP,1277,1778061643111
1276,96083744,,,PROBE_BW_DOWN,1276,1778061643222
1278,95913208,1252.0,95652208.0,PROBE_BW_DOWN,1252,1778061643333
1277,96034728,,,PROBE_BW_DOWN,1277,1778061643444
1278,96083744,,,PROBE_BW_UP,1278,1778061643555
1278,95913208,1251.0,95913208.0,PROBE_BW_DOWN,1251,1778061643666
1277,96083744,,,PROBE_BW_DOWN,1277,1778061643777
1278,96083744,1251.0,95913208.0,PROBE_BW_DOWN,1251,1778061643888
1278,95913208,1252.0,95652208.0,PROBE_BW_CRUISE,1089,1778061644000
1278,95913208,1252.0,95652208.0,PROBE_BW_DOWN,1252,1778061644499
1278,95913208,1252.0,95652208.0,PROBE_BW_CRUISE,1089,1778061645000
1278,95913208,1252.0,95652208.0,PROBE_BW_CRUISE,1089,1778061646000
1278,95913208,,,PROBE_BW_UP,1278,1778061646090
1278,95881440,,,PROBE_BW_REFILL,1278,1778061646181
1278,95913208,,,PROBE_BW_DOWN,1278,1778061646272
1278,95915272,,,PROBE_BW_REFILL,1278,1778061646363
1278,95913208,,,PROBE_BW_REFILL,1278,1778061646454
1278,95915272,,,PROBE_BW_UP,1278,1778061646544
1278,95913208,,,PROBE_BW_REFILL,1262,1778061646635
1278,95913208,,,PROBE_BW_REFILL,1166,1778061646726
1278,95913208,,,PROBE_BW_REFILL,1101,1778061646817
1278,95913208,,,PROBE_BW_REFILL,1140,1778061646908
1278,95915272,,,PROBE_BW_UP,1278,1778061647000
1271,95915272,,,PROBE_BW_DOWN,1271,1778061647166
1279,95915272,1255.0,95667400.0,PROBE_BW_CRUISE,1090,1778061647333
1279,95915272,,,PROBE_BW_UP,1279,1778061647499
1279,95915272,1250.0,95861416.0,PROBE_BW_CRUISE,1090,1778061647666
1271,95915272,1250.0,95861416.0,PROBE_BW_DOWN,1250,1778061647832
1279,95915272,1255.0,95667400.0,PROBE_BW_CRUISE,1090,1778061648000
1279,95915272,1255.0,95667400.0,PROBE_BW_CRUISE,1090,1778061649000
1279,95915272,,,PROBE_BW_REFILL,1279,1778061649076
1279,95915272,,,PROBE_BW_UP,1279,1778061649153
1279,96022984,,,PROBE_BW_DOWN,1279,1778061649230
1279,96022984,,,PROBE_BW_UP,1279,1778061649307
1279,96022984,,,PROBE_BW_REFILL,1279,1778061649384
1279,96012632,,,PROBE_BW_DOWN,1279,1778061649461
1280,96022984,,,PROBE_BW_UP,1280,1778061649537
1279,95915272,,,PROBE_BW_REFILL,1162,1778061649614
1279,95915272,,,PROBE_BW_REFILL,1258,1778061649691
1279,95945656,,,PROBE_BW_UP,1279,1778061649768
1279,95915272,,,PROBE_BW_REFILL,1185,1778061649845
1279,95915272,,,PROBE_BW_REFILL,1134,1778061649922
1277,96022984,,,PROBE_BW_DOWN,1277,1778061650000
1280,95945656,1252.0,95877992.0,PROBE_BW_DOWN,1252,1778061650166
1280,95945656,1253.0,95676376.0,PROBE_BW_DOWN,1253,1778061650333
1280,95945656,1253.0,95676376.0,PROBE_BW_CRUISE,1090,1778061650499
1280,96022984,,,PROBE_BW_UP,1280,1778061650666
1280,96022984,1252.0,95877992.0,PROBE_BW_DOWN,1252,1778061650832
1280,95945656,1253.0,95676376.0,PROBE_BW_CRUISE,1090,1778061651000
1280,95945656,1253.0,95676376.0,PROBE_BW_CRUISE,1090,1778061652000
1280,95945656,1253.0,95676376.0,PROBE_RTT,413,1778061652333
1280,95945656,,,PROBE_BW_CRUISE,1090,1778061652666
1280,95945656,,,PROBE_BW_CRUISE,1090,1778061653000
1280,95945656,,,PROBE_BW_CRUISE,1090,1778061654000
1280,95945656,,,PROBE_BW_CRUISE,1090,1778061655000
1280,95945656,,,PROBE_BW_UP,1280,1778061655111
1280,95958080,,,PROBE_BW_DOWN,1280,1778061655222
1280,96033344,,,PROBE_BW_REFILL,1280,1778061655333
1280,96033344,,,PROBE_BW_DOWN,1280,1778061655444
1280,96024368,,,PROBE_BW_DOWN,1280,1778061655555
1280,95945656,,,PROBE_BW_REFILL,1280,1778061655666
1280,95990536,,,PROBE_BW_DOWN,1280,1778061655777
1280,95945656,,,PROBE_BW_DOWN,1280,1778061655888
1280,96033344,,,PROBE_BW_UP,1280,1778061656000
1277,96033344,,,PROBE_BW_DOWN,1277,1778061656111
1281,95903536,1253.0,95621832.0,PROBE_BW_CRUISE,1091,1778061656222
1280,96033344,,,PROBE_BW_REFILL,1280,1778061656333
1281,96033344,,,PROBE_BW_UP,1281,1778061656444
1281,95903536,1252.0,95894560.0,PROBE_BW_CRUISE,1091,1778061656555
1281,96033344,1252.0,95894560.0,PROBE_BW_CRUISE,1091,1778061656666
1277,96033344,,,PROBE_BW_CRUISE,1088,1778061656777
1277,96033344,1252.0,95894560.0,PROBE_BW_CRUISE,1088,1778061656888
1281,95903536,1253.0,95621832.0,PROBE_BW_CRUISE,1091,1778061657000
1281,95903536,1253.0,95621832.0,PROBE_BW_CRUISE,1091,1778061658000
1281,95903536,,,PROBE_BW_REFILL,1281,1778061658099
1281,95903536,,,PROBE_BW_UP,1281,1778061658199
1281,95903536,,,PROBE_BW_DOWN,1281,1778061658299
1281,95907680,,,PROBE_BW_REFILL,1281,1778061658399
1281,95844160,,,PROBE_BW_REFILL,1281,1778061658499
1281,95903536,,,PROBE_BW_REFILL,1262,1778061658599
1281,95903536,,,PROBE_BW_REFILL,1241,1778061658699
1281,95903536,,,PROBE_BW_REFILL,1231,1778061658799
1281,95903536,,,PROBE_BW_REFILL,1187,1778061658899
1281,95907680,,,PROBE_BW_UP,1281,1778061659000
1277,96000896,,,PROBE_BW_DOWN,1277,1778061659124
1282,96000896,1252.0,95906296.0,PROBE_BW_CRUISE,1092,1778061659249
1282,96000896,1254.0,95634952.0,PROBE_BW_CRUISE,1092,1778061659374
1282,95907680,,,PROBE_BW_UP,1282,1778061659499
1277,96000896,1252.0,95906296.0,PROBE_BW_CRUISE,1088,1778061659624
1282,96000896,,,PROBE_BW_UP,1282,1778061659749
1281,95907680,,,PROBE_BW_REFILL,1281,1778061659874
1282,96000896,1254.0,95634952.0,PROBE_BW_CRUISE,1092,1778061660000
1282,96000896,1254.0,95634952.0,PROBE_BW_CRUISE,1092,1778061661000
1282,96000896,1254.0,95634952.0,PROBE_RTT,413,1778061661333
1282,96000896,,,PROBE_BW_CRUISE,1092,1778061661666
1282,96000896,,,PROBE_BW_CRUISE,1092,1778061662000
1282,96000896,,,PROBE_BW_CRUISE,1092,1778061663000
1282,96000896,,,PROBE_BW_CRUISE,1092,1778061664000
1282,96000896,,,PROBE_BW_REFILL,1282,1778061664090
1282,96000896,,,PROBE_BW_UP,1282,1778061664181
1282,96031272,,,PROBE_BW_DOWN,1282,1778061664272
1282,96000896,,,PROBE_BW_DOWN,1282,1778061664363
1282,96000896,,,PROBE_BW_REFILL,1208,1778061664454
1282,96000896,,,PROBE_BW_REFILL,1136,1778061664544
1282,96000896,,,PROBE_BW_REFILL,1146,1778061664635
1282,96000896,,,PROBE_BW_REFILL,1126,1778061664726
1282,96000896,,,PROBE_BW_REFILL,1268,1778061664817
1282,96000896,,,PROBE_BW_REFILL,1158,1778061664908
1282,96031272,,,PROBE_BW_UP,1282,1778061665000
1276,96031272,,,PROBE_BW_DOWN,1276,1778061665166
1276,95913896,1253.0,95848304.0,PROBE_BW_CRUISE,1087,1778061665333
1276,95913896,1255.0,95747496.0,PROBE_BW_CRUISE,1087,1778061665499
1282,96031272,,,PROBE_BW_REFILL,1282,1778061665666
1283,96031272,,,PROBE_BW_UP,1283,1778061665832
1276,95913896,1255.0,95747496.0,PROBE_BW_CRUISE,1087,1778061666000
1276,95913896,1255.0,95747496.0,PROBE_BW_CRUISE,1087,1778061667000
1276,95913896,1255.0,95747496.0,PROBE_BW_CRUISE,1087,1778061668000
1276,95913896,,,PROBE_BW_UP,1276,1778061668099
1276,96047840,,,PROBE_BW_DOWN,1276,1778061668199
1276,96047840,,,PROBE_BW_REFILL,1276,1778061668299
1276,96047840,,,PROBE_BW_UP,1276,1778061668399
1276,95913896,,,PROBE_BW_REFILL,1276,1778061668499
1276,96032656,,,PROBE_BW_UP,1276,1778061668599
1276,96032656,,,PROBE_BW_DOWN,1276,1778061668699
1276,95913896,,,PROBE_BW_REFILL,1167,1778061668799
1276,95913896,,,PROBE_BW_REFILL,1143,1778061668899
1276,96047840,,,PROBE_BW_UP,1276,1778061669000
1276,96047840,,,PROBE_BW_CRUISE,1087,1778061669142
1277,95906296,1255.0,95652904.0,PROBE_BW_CRUISE,1088,1778061669285
1277,96047840,,,PROBE_BW_UP,1277,1778061669428
1277,95906296,1250.0,95906296.0,PROBE_BW_CRUISE,1088,1778061669570
1276,96047840,,,PROBE_BW_DOWN,1276,1778061669713
1277,96047840,1250.0,95906296.0,PROBE_BW_CRUISE,1088,1778061669856
1277,95906296,1255.0,95652904.0,PROBE_BW_CRUISE,1088,1778061670000
1277,95906296,1255.0,95652904.0,PROBE_RTT,413,1778061670333
1277,95906296,,,PROBE_BW_CRUISE,1088,1778061670666
1277,95906296,,,PROBE_BW_CRUISE,1088,1778061671000
1277,95906296,,,PROBE_BW_CRUISE,1088,1778061672000
1277,95906296,,,PROBE_BW_CRUISE,1088,1778061673000
1277,95906296,,,PROBE_BW_UP,1277,1778061673166
1277,95906296,,,PROBE_BW_DOWN,1277,1778061673333
1277,95893184,,,PROBE_BW_REFILL,1277,1778061673499
1277,95906296,,,PROBE_BW_REFILL,1110,1778061673666
1277,95906296,,,PROBE_BW_REFILL,1277,1778061673832
1277,95893184,,,PROBE_BW_UP,1277,1778061674000
1277,95893184,,,PROBE_BW_DOWN,1277,1778061674111
1278,95896632,1251.0,95896632.0,PROBE_BW_CRUISE,1089,1778061674222
1278,95896632,1255.0,95632880.0,PROBE_BW_CRUISE,1089,1778061674333
1277,95896632,,,PROBE_BW_DOWN,1277,1778061674444
1277,95893184,,,PROBE_BW_REFILL,1277,1778061674555
1278,95893184,,,PROBE_BW_UP,1278,1778061674666
1277,95896632,,,PROBE_BW_CRUISE,1088,1778061674777
1277,95896632,1251.0,95896632.0,PROBE_BW_CRUISE,1088,1778061674888
1278,95896632,1255.0,95632880.0,PROBE_BW_CRUISE,1089,1778061675000
1278,95896632,1255.0,95632880.0,PROBE_BW_CRUISE,1089,1778061676000
1278,95896632,,,PROBE_BW_REFILL,1278,1778061676076
1278,95896632,,,PROBE_BW_UP,1278,1778061676153
1278,95896632,,,PROBE_BW_REFILL,1105,1778061676230
1278,95896632,,,PROBE_BW_REFILL,1203,1778061676307
1278,95896632,,,PROBE_BW_REFILL,1135,1778061676384
1278,95896632,,,PROBE_BW_REFILL,1238,1778061676461
1278,95896632,,,PROBE_BW_REFILL,1103,1778061676537
1278,95896632,,,PROBE_BW_REFILL,1173,1778061676614
1278,95896632,,,PROBE_BW_REFILL,1215,1778061676691
1278,95896632,,,PROBE_BW_REFILL,1212,1778061676768
1278,95896632,,,PROBE_BW_REFILL,1161,1778061676845
1278,95896632,,,PROBE_BW_REFILL,1266,1778061676922
1278,95896632,,,PROBE_BW_UP,1278,1778061677000
1278,96049224,,,PROBE_BW_DOWN,1278,1778061677076
1278,96049224,,,PROBE_BW_UP,1278,1778061677153
1277,96049224,,,PROBE_BW_DOWN,1277,1778061677230
1279,95918040,1252.0,95918040.0,PROBE_BW_DOWN,1252,1778061677307
1278,95896632,,,PROBE_BW_DOWN,1278,1778061677384
1278,96049224,,,PROBE_BW_REFILL,1278,1778061677461
1279,95918040,1254.0,95625976.0,PROBE_BW_CRUISE,1090,1778061677537
1279,96049224,,,PROBE_BW_UP,1279,1778061677614
1278,95911824,,,PROBE_BW_DOWN,1278,1778061677691
1278,95904920,,,PROBE_BW_DOWN,1278,1778061677768
1279,95918040,1252.0,95918040.0,PROBE_BW_CRUISE,1090,1778061677845
1278,95960848,,,PROBE_BW_DOWN,1278,1778061677922
1279,95918040,1254.0,95625976.0,PROBE_BW_CRUISE,1090,1778061678000
1279,95918040,1254.0,95625976.0,PROBE_BW_CRUISE,1090,1778061679000
1279,95918040,1254.0,95625976.0,PROBE_RTT,413,1778061679333
1279,95918040,,,PROBE_BW_CRUISE,1090,1778061679666
1279,95918040,,,PROBE_BW_CRUISE,1090,1778061680000
1279,95918040,,,PROBE_BW_CRUISE,1090,1778061681000
1279,95918040,,,PROBE_BW_REFILL,1279,1778061681090
1279,95918040,,,PROBE_BW_REFILL,1148,1778061681181
1279,95918040,,,PROBE_BW_REFILL,1138,1778061681272
1279,95918040,,,PROBE_BW_REFILL,1182,1778061681363
1279,95918040,,,PROBE_BW_REFILL,1112,1778061681454
1279,95918040,,,PROBE_BW_REFILL,1134,1778061681544
1279,95918040,,,PROBE_BW_REFILL,1152,1778061681635
1279,95918040,,,PROBE_BW_REFILL,1222,1778061681726
1279,95918040,,,PROBE_BW_REFILL,1206,1778061681817
1279,95918040,,,PROBE_BW_REFILL,1172,1778061681908
1279,95918040,,,PROBE_BW_UP,1279,1778061682000
1279,95918040,,,PROBE_BW_DOWN,1279,1778061682111
1279,95855896,,,PROBE_BW_UP,1279,1778061682222
1280,95855896,,,PROBE_BW_UP,1280,1778061682333
1280,95906296,1252.0,95906296.0,PROBE_BW_DOWN,1252,1778061682444
1279,95855896,,,PROBE_BW_REFILL,1279,1778061682555
1280,95906296,,,PROBE_BW_DOWN,1280,1778061682666
1279,95918040,,,PROBE_BW_REFILL,1279,1778061682777
1280,95882136,,,PROBE_BW_DOWN,1280,1778061682888
1280,95906296,1253.0,95708824.0,PROBE_BW_DOWN,1253,1778061683000
1280,95906296,1253.0,95708824.0,PROBE_BW_CRUISE,1090,1778061683333
1280,95906296,1252.0,95906296.0,PROBE_BW_DOWN,1252,1778061683666
1280,95906296,1253.0,95708824.0,PROBE_BW_CRUISE,1090,1778061684000
1280,95906296,1253.0,95708824.0,PROBE_BW_CRUISE,1090,1778061685000
1280,95906296,,,PROBE_BW_UP,1280,1778061685076
1280,95906296,,,PROBE_BW_DOWN,1280,1778061685153
1280,95906296,,,PROBE_BW_REFILL,1280,1778061685230
1280,95906296,,,PROBE_BW_REFILL,1237,1778061685307
1280,95900088,,,PROBE_BW_REFILL,1280,1778061685384
1280,95906296,,,PROBE_BW_REFILL,1263,1778061685461
1280,95906296,,,PROBE_BW_REFILL,1186,1778061685537
1280,95906296,,,PROBE_BW_REFILL,1172,1778061685614
1280,95906296,,,PROBE_BW_REFILL,1261,1778061685691
1280,95906296,,,PROBE_BW_REFILL,1163,1778061685768
1280,95906296,,,PROBE_BW_REFILL,1205,1778061685845
1280,95906296,,,PROBE_BW_REFILL,1170,1778061685922
1280,95900088,,,PROBE_BW_REFILL,1280,1778061686000
1281,95900088,,,PROBE_BW_UP,1281,1778061686099
1281,95920112,1251.0,95920112.0,PROBE_BW_DOWN,1251,1778061686199
1281,95920112,1255.0,95647376.0,PROBE_RTT,415,1778061686299
1280,95900088,,,PROBE_BW_UP,1280,1778061686399
1271,95920112,,,PROBE_BW_DOWN,1271,1778061686499
1281,95920112,,,PROBE_BW_CRUISE,1091,1778061686599
1281,95920112,1255.0,95647376.0,PROBE_BW_CRUISE,1091,1778061686699
1271,95900088,,,PROBE_BW_DOWN,1271,1778061686799
1271,95920112,1251.0,95920112.0,PROBE_BW_DOWN,1251,1778061686899
1281,95920112,,,PROBE_BW_CRUISE,1091,1778061687000
1281,95920112,,,PROBE_BW_CRUISE,1091,1778061688000
1281,95920112,,,PROBE_BW_CRUISE,1091,1778061689000
1281,95920112,,,PROBE_BW_REFILL,1281,1778061689071
1281,95920112,,,PROBE_BW_UP,1281,1778061689142
1281,95920112,,,PROBE_BW_REFILL,1173,1778061689214
1281,95920112,,,PROBE_BW_REFILL,1093,1778061689285
1281,95920112,,,PROBE_BW_REFILL,1261,1778061689356
1281,95920112,,,PROBE_BW_REFILL,1099,1778061689428
1281,95920112,,,PROBE_BW_REFILL,1187,1778061689499
1281,95920112,,,PROBE_BW_REFILL,1123,1778061689570
1281,95920112,,,PROBE_BW_REFILL,1243,1778061689642
1281,95920112,,,PROBE_BW_REFILL,1201,1778061689713
1281,95920112,,,PROBE_BW_REFILL,1267,1778061689784
1281,95920112,,,PROBE_BW_REFILL,1209,1778061689856
1281,95920112,,,PROBE_BW_REFILL,1177,1778061689927
1281,95857280,,,PROBE_BW_REFILL,1281,1778061690000
1281,95857280,,,PROBE_BW_UP,1281,1778061690111
1277,95909064,,,PROBE_BW_DOWN,1277,1778061690222
1277,95909064,1252.0,95610088.0,PROBE_BW_CRUISE,1088,1778061690333
1281,95920112,,,PROBE_BW_DOWN,1281,1778061690444
1282,95857280,,,PROBE_BW_UP,1282,1778061690555
1277,95909064,1252.0,95909064.0,PROBE_BW_DOWN,1252,1778061690666
1277,95909064,1252.0,95909064.0,PROBE_BW_CRUISE,1088,1778061690777
1277,95857280,,,PROBE_BW_DOWN,1277,1778061690888
1277,95909064,1252.0,95610088.0,PROBE_BW_CRUISE,1088,1778061691000
1277,95909064,1252.0,95610088.0,PROBE_BW_CRUISE,1088,1778061692000
1277,95909064,,,PROBE_BW_REFILL,1277,1778061692166
1277,95909064,,,PROBE_BW_UP,1277,1778061692333
1277,95909064,,,PROBE_BW_REFILL,1186,1778061692499
1277,95909064,,,PROBE_BW_REFILL,1111,1778061692666
1277,95909064,,,PROBE_BW_REFILL,1123,1778061692832
1277,95909064,,,PROBE_BW_UP,1277,1778061693000
1277,95909064,,,PROBE_BW_DOWN,1277,1778061693083
1277,95853824,,,PROBE_BW_UP,1277,1778061693166
1277,96025056,,,PROBE_BW_UP,1277,1778061693249
1278,96025056,1250.0,95938064.0,PROBE_BW_DOWN,1250,1778061693333
1277,95853824,,,PROBE_BW_REFILL,1277,1778061693416
1278,96025056,,,PROBE_BW_UP,1278,1778061693499
1278,96025056,1250.0,95938064.0,PROBE_BW_CRUISE,1089,1778061693582
1276,96025056,,,PROBE_BW_DOWN,1276,1778061693666
1278,96025056,1254.0,95791680.0,PROBE_BW_CRUISE,1089,1778061693749
1277,95931848,,,PROBE_BW_UP,1277,1778061693832
1277,95966368,,,PROBE_BW_UP,1277,1778061693915
1278,96025056,1254.0,95791680.0,PROBE_BW_CRUISE,1089,1778061694000
1278,96025056,1254.0,95791680.0,PROBE_RTT,415,1778061694499
1278,96025056,1254.0,95791680.0,PROBE_RTT,415,1778061695000
1278,96025056,,,PROBE_BW_CRUISE,1089,1778061695499
1278,96025056,,,PROBE_BW_CRUISE,1089,1778061696000
1278,96025056,,,PROBE_BW_CRUISE,1089,1778061697000
1278,96025056,,,PROBE_BW_REFILL,1187,1778061697111
1278,96025056,,,PROBE_BW_UP,1278,1778061697222
1278,96025056,,,PROBE_BW_REFILL,1249,1778061697333
1278,96025056,,,PROBE_BW_REFILL,1278,1778061697444
1278,96025056,,,PROBE_BW_REFILL,1261,1778061697555
1278,96025056,,,PROBE_BW_REFILL,1095,1778061697666
1278,96025056,,,PROBE_BW_REFILL,1215,1778061697777
1278,96025056,,,PROBE_BW_REFILL,1271,1778061697888
1278,96025056,,,PROBE_BW_DOWN,1278,1778061698000
1278,96014008,,,PROBE_BW_UP,1278,1778061698111
1279,96014008,,,PROBE_BW_UP,1279,1778061698222
1279,96007800,1250.0,95880064.0,PROBE_BW_CRUISE,1090,1778061698333
1279,96007800,1254.0,95651520.0,PROBE_BW_CRUISE,1090,1778061698444
1276,96014008,,,PROBE_BW_DOWN,1276,1778061698555
1278,96014008,,,PROBE_BW_REFILL,1278,1778061698666
1276,96014008,,,PROBE_BW_CRUISE,1087,1778061698777
1279,96014008,1250.0,95880064.0,PROBE_BW_CRUISE,1090,1778061698888
1279,96007800,1254.0,95651520.0,PROBE_BW_CRUISE,1090,1778061699000
1279,96007800,1254.0,95651520.0,PROBE_BW_CRUISE,1090,1778061700000
1279,96007800,,,PROBE_BW_UP,1279,1778061700083
1279,96007800,,,PROBE_BW_REFILL,1279,1778061700166
1279,96007800,,,PROBE_BW_REFILL,1171,1778061700249
1279,96007800,,,PROBE_BW_REFILL,1094,1778061700333
1279,96007800,,,PROBE_BW_REFILL,1213,1778061700416
1279,96007800,,,PROBE_BW_REFILL,1157,1778061700499
1279,96007800,,,PROBE_BW_REFILL,1206,1778061700582
1279,96007800,,,PROBE_BW_REFILL,1117,1778061700666
1279,96007800,,,PROBE_BW_REFILL,1216,1778061700749
1279,96007800,,,PROBE_BW_REFILL,1118,1778061700832
1279,96007800,,,PROBE_BW_REFILL,1160,1778061700915
1279,96007800,,,PROBE_BW_DOWN,1279,1778061701000
1279,96018152,,,PROBE_BW_REFILL,1279,1778061701099
1279,96018152,,,PROBE_BW_UP,1279,1778061701199
1271,96018152,,,PROBE_BW_DOWN,1271,1778061701299
1279,96007800,,,PROBE_BW_UP,1279,1778061701399
1279,96018152,,,PROBE_BW_DOWN,1279,1778061701499
1280,95887656,1251.0,95887656.0,PROBE_BW_CRUISE,1090,1778061701599
1280,96018152,1251.0,95887656.0,PROBE_BW_DOWN,1251,1778061701699
1280,95887656,1256.0,95771656.0,PROBE_BW_CRUISE,1090,1778061701799
1280,95887656,1251.0,95887656.0,PROBE_BW_DOWN,1251,1778061701899
1280,95887656,1256.0,95771656.0,PROBE_BW_CRUISE,1090,1778061702000
1280,95887656,1256.0,95771656.0,PROBE_BW_CRUISE,1090,1778061703000
1280,95887656,1256.0,95771656.0,PROBE_RTT,414,1778061703499
1280,95887656,,,PROBE_BW_CRUISE,1090,1778061704000
1280,95887656,1256.0,95771656.0,PROBE_RTT,414,1778061704499
1280,95887656,,,PROBE_BW_CRUISE,1090,1778061705000
1280,95887656,,,PROBE_BW_CRUISE,1090,1778061706000
1280,95887656,,,PROBE_BW_REFILL,1280,1778061706076
1280,95887656,,,PROBE_BW_REFILL,1094,1778061706153
1280,95887656,,,PROBE_BW_REFILL,1268,1778061706230
1280,95887656,,,PROBE_BW_REFILL,1120,1778061706307
1280,95887656,,,PROBE_BW_REFILL,1122,1778061706384
1280,95887656,,,PROBE_BW_REFILL,1132,1778061706461
1280,95887656,,,PROBE_BW_REFILL,1190,1778061706537
1280,95887656,,,PROBE_BW_REFILL,1174,1778061706614
1280,95887656,,,PROBE_BW_REFILL,1176,1778061706691
1280,95887656,,,PROBE_BW_REFILL,1204,1778061706768
1280,95887656,,,PROBE_BW_REFILL,1270,1778061706845
1280,95887656,,,PROBE_BW_REFILL,1264,1778061706922
1280,95887656,,,PROBE_BW_UP,1280,1778061707000
1280,95902160,,,PROBE_BW_DOWN,1280,1778061707090
1280,95902160,,,PROBE_BW_UP,1280,1778061707181
1281,95902160,,,PROBE_BW_UP,1281,1778061707272
1281,95851752,1255.0,95851752.0,PROBE_BW_DOWN,1255,1778061707363
1280,95902160,,,PROBE_BW_REFILL,1280,1778061707454
1281,95902160,,,PROBE_BW_DOWN,1281,1778061707544
1281,95851752,1255.0,95851752.0,PROBE_BW_CRUISE,1091,1778061707635
1280,95887656,,,PROBE_BW_DOWN,1280,1778061707726
1281,95902160,1255.0,95851752.0,PROBE_BW_DOWN,1255,1778061707817
1280,95889040,,,PROBE_BW_DOWN,1280,1778061707908
1281,95851752,1253.0,95719184.0,PROBE_BW_CRUISE,1091,1778061708000
1281,95851752,1255.0,95851752.0,PROBE_BW_CRUISE,1091,1778061708499
1281,95851752,1253.0,95719184.0,PROBE_BW_CRUISE,1091,1778061709000
1281,95851752,,,PROBE_BW_UP,1281,1778061710000
1281,95851752,,,PROBE_BW_DOWN,1281,1778061710066
1281,95846920,,,PROBE_BW_REFILL,1281,1778061710133
1282,95985704,,,PROBE_BW_UP,1282,1778061710199
1281,95851752,,,PROBE_BW_REFILL,1281,1778061710266
1281,95846920,,,PROBE_BW_UP,1281,1778061710333
1281,95851752,,,PROBE_BW_REFILL,1221,1778061710399
1282,95985704,,,PROBE_BW_DOWN,1282,1778061710466
1281,95985704,,,PROBE_BW_UP,1281,1778061710532
1281,95851752,,,PROBE_BW_REFILL,1140,1778061710599
1281,95851752,,,PROBE_BW_REFILL,1249,1778061710666
1281,95851752,,,PROBE_BW_REFILL,1112,1778061710732
1281,95851752,1253.0,95719184.0,PROBE_BW_CRUISE,1091,1778061710799
1281,95851752,,,PROBE_BW_REFILL,1275,1778061710865
1281,95851752,,,PROBE_BW_REFILL,1137,1778061710932
1282,95985704,,,PROBE_BW_DOWN,1282,1778061711000
1282,95985704,1253.0,95742664.0,PROBE_RTT,415,1778061711199
1282,95985704,,,PROBE_BW_CRUISE,1092,1778061711399
1282,95985704,1252.0,95920800.0,PROBE_BW_DOWN,1252,1778061711599
1282,95985704,1252.0,95920800.0,PROBE_RTT,416,1778061711799
1282,95985704,,,PROBE_BW_CRUISE,1092,1778061712000
1282,95985704,,,PROBE_BW_CRUISE,1092,1778061713000
1282,95985704,,,PROBE_BW_REFILL,1190,1778061714000
1282,95985704,,,PROBE_BW_UP,1282,1778061714055
1282,95985704,,,PROBE_BW_DOWN,1282,1778061714111
1282,95857968,,,PROBE_BW_UP,1282,1778061714166
1282,95985704,,,PROBE_BW_REFILL,1218,1778061714222
1282,95985704,,,PROBE_BW_REFILL,1282,1778061714277
1282,95857968,,,PROBE_BW_REFILL,1282,1778061714333
1283,95991920,,,PROBE_BW_UP,1283,1778061714388
1282,95991920,,,PROBE_BW_UP,1282,1778061714444
1282,95985704,,,PROBE_BW_CRUISE,1092,1778061714499
1282,95985704,,,PROBE_BW_REFILL,1154,1778061714555
1282,95985704,,,PROBE_BW_REFILL,1280,1778061714610
1282,95985704,,,PROBE_BW_REFILL,1112,1778061714666
1282,95985704,,,PROBE_BW_REFILL,1164,1778061714721
1282,95985704,,,PROBE_BW_REFILL,1170,1778061714777
1282,95985704,,,PROBE_BW_REFILL,1226,1778061714832
1282,95985704,,,PROBE_BW_REFILL,1104,1778061714888
1282,95985704,,,PROBE_BW_REFILL,1220,1778061714943
1278,95991920,,,PROBE_BW_DOWN,1278,1778061715000
1283,95991920,1253.0,95602496.0,PROBE_BW_CRUISE,1093,1778061715166
1283,95991920,1252.0,95944272.0,PROBE_BW_CRUISE,1093,1778061715333
1278,95991920,,,PROBE_BW_CRUISE,1089,1778061715499
1283,95991920,,,PROBE_BW_UP,1283,1778061715666
1278,95991920,1252.0,95944272.0,PROBE_BW_CRUISE,1089,1778061715832
1283,95991920,1253.0,95602496.0,PROBE_BW_CRUISE,1093,1778061716000
1283,95991920,,,PROBE_BW_UP,1283,1778061717000
1283,96052680,,,PROBE_BW_DOWN,1283,1778061717083
1277,96052680,,,PROBE_BW_DOWN,1277,1778061717166
1277,96052680,1254.0,95936680.0,PROBE_BW_DOWN,1254,1778061717249
1277,96052680,1254.0,95936680.0,PROBE_BW_CRUISE,1088,1778061717333
1283,95991920,,,PROBE_BW_REFILL,1188,1778061717416
1283,95991920,,,PROBE_BW_REFILL,1283,1778061717499
1283,95991920,1253.0,95602496.0,PROBE_BW_CRUISE,1093,1778061717582
1283,96052680,,,PROBE_BW_UP,1283,1778061717666
1283,96049912,,,PROBE_BW_UP,1283,1778061717749
1283,95991920,,,PROBE_BW_REFILL,1186,1778061717832
1283,95991920,,,PROBE_BW_REFILL,1207,1778061717915
1277,96052680,1254.0,95936680.0,PROBE_BW_CRUISE,1088,1778061718000
1277,96052680,1254.0,95936680.0,PROBE_BW_CRUISE,1088,1778061719000
1277,96052680,,,PROBE_BW_REFILL,1277,1778061719166
1277,96052680,,,PROBE_BW_UP,1277,1778061719333
1277,96052680,,,PROBE_BW_DOWN,1277,1778061719499
1277,96052680,,,PROBE_BW_REFILL,1240,1778061719666
1277,96052680,,,PROBE_BW_REFILL,1242,1778061719832
1277,96009872,,,PROBE_BW_REFILL,1277,1778061720000
1277,96009872,,,PROBE_BW_UP,1277,1778061720166
1277,96009872,,,PROBE_RTT,415,1778061720333
1277,96009872,,,PROBE_BW_CRUISE,1088,1778061720499
1277,96009872,1252.0,95871776.0,PROBE_RTT,414,1778061720666
1277,96052680,,,PROBE_BW_DOWN,1277,1778061720832
1277,96009872,,,PROBE_BW_CRUISE,1088,1778061721000
1277,96009872,,,PROBE_BW_CRUISE,1088,1778061722000
1277,96009872,,,PROBE_BW_CRUISE,1088,1778061723000
1277,96009872,,,PROBE_BW_UP,1277,1778061723047
1277,96049224,,,PROBE_BW_DOWN,1277,1778061723095
1277,96049224,,,PROBE_BW_UP,1277,1778061723142
1277,96009872,,,PROBE_BW_REFILL,1277,1778061723190
1277,96009872,,,PROBE_BW_REFILL,1202,1778061723237
1277,96049224,,,PROBE_BW_REFILL,1277,1778061723285
1277,96040248,,,PROBE_BW_DOWN,1277,1778061723333
1277,96040248,,,PROBE_BW_UP,1277,1778061723380
1277,96009872,,,PROBE_BW_REFILL,1268,1778061723428
1277,96009872,,,PROBE_BW_REFILL,1260,1778061723475
1277,96009872,,,PROBE_BW_REFILL,1250,1778061723523
1277,96009872,,,PROBE_BW_REFILL,1112,1778061723570
1277,96009872,,,PROBE_BW_REFILL,1164,1778061723618
1277,96009872,,,PROBE_BW_REFILL,1216,1778061723666
1277,96009872,,,PROBE_BW_REFILL,1176,1778061723713
1277,96009872,,,PROBE_BW_REFILL,1258,1778061723761
1277,96009872,,,PROBE_BW_REFILL,1100,1778061723808
1277,96009872,,,PROBE_BW_REFILL,1156,1778061723856
1277,96009872,,,PROBE_BW_REFILL,1230,1778061723903
1277,96009872,,,PROBE_BW_REFILL,1208,1778061723951
1277,96049224,,,PROBE_BW_UP,1277,1778061724000
1276,96072008,,,PROBE_BW_DOWN,1276,1778061724142
1278,96072008,1251.0,95888344.0,PROBE_BW_DOWN,1251,1778061724285
1278,96072008,1254.0,95744728.0,PROBE_BW_DOWN,1254,1778061724428
1278,96072008,1254.0,95744728.0,PROBE_BW_CRUISE,1089,1778061724570
1277,96072008,,,PROBE_BW_UP,1277,1778061724713
1278,96072008,,,PROBE_BW_UP,1278,1778061724856
1278,96072008,1254.0,95744728.0,PROBE_BW_CRUISE,1089,1778061725000
1278,96072008,1254.0,95744728.0,PROBE_RTT,414,1778061725333
1278,96072008,,,PROBE_BW_CRUISE,1089,1778061725666
1278,96072008,,,PROBE_BW_CRUISE,1089,1778061726000
1278,96072008,,,PROBE_BW_CRUISE,1089,1778061727000
1278,96072008,,,PROBE_BW_CRUISE,1089,1778061728000
1278,96072008,,,PROBE_BW_UP,1278,1778061728090
1278,95893872,,,PROBE_BW_REFILL,1278,1778061728181
1278,96072008,,,PROBE_BW_DOWN,1278,1778061728272
1278,96072008,,,PROBE_BW_REFILL,1278,1778061728363
1278,95893872,,,PROBE_BW_UP,1278,1778061728454
1278,96072008,,,PROBE_BW_REFILL,1219,1778061728544
1278,96072008,,,PROBE_BW_REFILL,1255,1778061728635
1278,96072008,,,PROBE_BW_REFILL,1211,1778061728726
1278,96072008,,,PROBE_BW_REFILL,1257,1778061728817
1278,96072008,,,PROBE_BW_REFILL,1199,1778061728908
1278,95893872,,,PROBE_BW_UP,1278,1778061729000
1276,95893872,,,PROBE_BW_DOWN,1276,1778061729142
1279,95916656,1254.0,95569352.0,PROBE_BW_CRUISE,1090,1778061729285
1276,95916656,,,PROBE_BW_DOWN,1276,1778061729428
1279,95893872,,,PROBE_BW_UP,1279,1778061729570
1279,95916656,1250.0,95916656.0,PROBE_BW_DOWN,1250,1778061729713
1279,95916656,1254.0,95569352.0,PROBE_BW_DOWN,1254,1778061729856
1279,95916656,1254.0,95569352.0,PROBE_BW_CRUISE,1090,1778061730000
1279,95916656,1254.0,95569352.0,PROBE_BW_CRUISE,1090,1778061731000
1279,95916656,,,PROBE_BW_REFILL,1279,1778061731090
1279,95916656,,,PROBE_BW_UP,1279,1778061731181
1276,96021608,,,PROBE_BW_DOWN,1276,1778061731272
1276,96021608,1255.0,95999512.0,PROBE_BW_DOWN,1255,1778061731363
1279,95916656,,,PROBE_BW_DOWN,1279,1778061731454
1279,96021608,,,PROBE_BW_DOWN,1279,1778061731544
1279,95916656,,,PROBE_BW_REFILL,1111,1778061731635
1279,95916656,,,PROBE_BW_REFILL,1160,1778061731726
1279,95916656,,,PROBE_BW_REFILL,1268,1778061731817
1279,95916656,,,PROBE_BW_REFILL,1146,1778061731908
1276,96021608,1255.0,95999512.0,PROBE_BW_CRUISE,1087,1778061732000
1276,96021608,1255.0,95999512.0,PROBE_BW_DOWN,1255,1778061732499
1276,96021608,1255.0,95999512.0,PROBE_RTT,416,1778061733000
1276,96021608,,,PROBE_BW_CRUISE,1087,1778061733333
1276,96021608,1255.0,95999512.0,PROBE_BW_CRUISE,1087,1778061733666
1276,96021608,,,PROBE_BW_CRUISE,1087,1778061734000
1276,96021608,,,PROBE_BW_CRUISE,1087,1778061735000
1276,96021608,,,PROBE_BW_UP,1276,1778061736000
1276,96021608,,,PROBE_BW_DOWN,1276,1778061736052
1276,95889040,,,PROBE_BW_REFILL,1276,1778061736105
1276,95889040,,,PROBE_BW_UP,1276,1778061736157
1276,95889040,,,PROBE_BW_DOWN,1276,1778061736210
1277,95889040,,,PROBE_BW_UP,1277,1778061736262
1276,96021608,,,PROBE_BW_REFILL,1276,1778061736315
1276,96021608,,,PROBE_BW_REFILL,1153,1778061736368
1276,96021608,,,PROBE_BW_REFILL,1273,1778061736420
1276,96021608,,,PROBE_BW_REFILL,1173,1778061736473
1276,96021608,,,PROBE_BW_REFILL,1163,1778061736525
1276,96021608,,,PROBE_BW_REFILL,1107,1778061736578
1276,96021608,,,PROBE_BW_REFILL,1133,1778061736630
1276,96021608,,,PROBE_BW_CRUISE,1087,1778061736683
1276,96021608,,,PROBE_BW_REFILL,1093,1778061736736
1276,95889040,,,PROBE_BW_CRUISE,1087,1778061736788
1276,96021608,,,PROBE_BW_REFILL,1171,1778061736841
1276,96021608,,,PROBE_BW_REFILL,1129,1778061736893
1276,96021608,,,PROBE_BW_REFILL,1119,1778061736946
1277,95862800,1255.0,95744040.0,PROBE_BW_CRUISE,1088,1778061737000
1276,95889040,1251.0,95859352.0,PROBE_BW_CRUISE,1087,1778061737249
1277,95862800,1251.0,95859352.0,PROBE_BW_CRUISE,1088,1778061737499
1277,95889040,1251.0,95859352.0,PROBE_BW_CRUISE,1088,1778061737749
1277,95862800,1255.0,95744040.0,PROBE_BW_CRUISE,1088,1778061738000
1277,95862800,1255.0,95744040.0,PROBE_BW_CRUISE,1088,1778061739000
1277,95862800,,,PROBE_BW_REFILL,1277,1778061739142
1277,95862800,,,PROBE_BW_UP,1277,1778061739285
1277,95862800,,,PROBE_BW_DOWN,1277,1778061739428
1277,95822064,,,PROBE_BW_REFILL,1277,1778061739570
1277,95862800,,,PROBE_BW_REFILL,1168,1778061739713
1277,95862800,,,PROBE_BW_REFILL,1189,1778061739856
1277,95822064,,,PROBE_BW_UP,1277,1778061740000
1270,95880064,,,PROBE_BW_DOWN,1270,1778061740111
1278,95880064,1251.0,95871776.0,PROBE_BW_DOWN,1251,1778061740222
1278,95880064,1258.0,95654280.0,PROBE_BW_DOWN,1258,1778061740333
1278,95880064,1258.0,95654280.0,PROBE_BW_CRUISE,1089,1778061740444
1278,95835872,,,PROBE_BW_UP,1278,1778061740555
1277,95835872,,,PROBE_BW_UP,1277,1778061740666
1277,95822064,,,PROBE_BW_REFILL,1277,1778061740777
1278,95880064,,,PROBE_BW_UP,1278,1778061740888
1278,95880064,1258.0,95654280.0,PROBE_BW_CRUISE,1089,1778061741000
1278,95880064,1258.0,95654280.0,PROBE_BW_CRUISE,1089,1778061742000
1278,95880064,1258.0,95654280.0,PROBE_RTT,413,1778061742333
1278,95880064,,,PROBE_BW_CRUISE,1089,1778061742666
1278,95880064,,,PROBE_BW_CRUISE,1089,1778061743000
1278,95880064,,,PROBE_BW_CRUISE,1089,1778061744000
1278,95880064,,,PROBE_BW_REFILL,1278,1778061745000
1278,95880064,,,PROBE_BW_UP,1278,1778061745052
1278,95828968,,,PROBE_BW_REFILL,1278,1778061745105
1278,95828968,,,PROBE_BW_UP,1278,1778061745157
1272,95903536,,,PROBE_BW_DOWN,1272,1778061745210
1278,95880064,,,PROBE_BW_CRUISE,1089,1778061745262
1278,95880064,,,PROBE_BW_DOWN,1278,1778061745315
1279,95828968,,,PROBE_BW_UP,1279,1778061745368
1279,95872464,,,PROBE_BW_UP,1279,1778061745420
1278,95880064,,,PROBE_BW_REFILL,1115,1778061745473
1272,95872464,,,PROBE_BW_DOWN,1272,1778061745525
1278,95880064,,,PROBE_BW_REFILL,1127,1778061745578
1278,95880064,,,PROBE_BW_REFILL,1227,1778061745630
1278,95880064,,,PROBE_BW_REFILL,1099,1778061745683
1278,95880064,,,PROBE_BW_REFILL,1131,1778061745736
1278,95880064,,,PROBE_BW_REFILL,1221,1778061745788
1278,95880064,,,PROBE_BW_REFILL,1255,1778061745841
1278,95880064,,,PROBE_BW_REFILL,1169,1778061745893
1278,95880064,,,PROBE_BW_REFILL,1215,1778061745946
1279,95903536,1253.0,95623904.0,PROBE_BW_CRUISE,1090,1778061746000
1279,95903536,1250.0,95903536.0,PROBE_BW_DOWN,1250,1778061746249
1272,95903536,,,PROBE_BW_DOWN,1272,1778061746499
1272,95903536,1250.0,95903536.0,PROBE_BW_DOWN,1250,1778061746749
1279,95903536,1253.0,95623904.0,PROBE_BW_CRUISE,1090,1778061747000
1279,95903536,1253.0,95623904.0,PROBE_RTT,415,1778061747333
1279,95903536,,,PROBE_BW_CRUISE,1090,1778061747666
1279,95903536,,,PROBE_BW_CRUISE,1090,1778061748000
1279,95903536,,,PROBE_BW_CRUISE,1090,1778061749000
1279,95903536,,,PROBE_BW_CRUISE,1090,1778061750000
1279,95903536,,,PROBE_BW_REFILL,1279,1778061750166
1279,95903536,,,PROBE_BW_UP,1279,1778061750333
1279,95912512,,,PROBE_BW_DOWN,1279,1778061750499
1279,95903536,,,PROBE_BW_DOWN,1279,1778061750666
1279,95914584,,,PROBE_BW_DOWN,1279,1778061750832
1279,95914584,,,PROBE_BW_DOWN,1279,1778061751000
1279,95914584,,,PROBE_BW_UP,1279,1778061751111
1277,95914584,,,PROBE_BW_DOWN,1277,1778061751222
1280,95900776,1252.0,95882136.0,PROBE_BW_DOWN,1252,1778061751333
1280,95900776,1252.0,95674304.0,PROBE_BW_CRUISE,1090,1778061751444
1279,95914584,,,PROBE_BW_REFILL,1279,1778061751555
1280,95900776,1252.0,95674304.0,PROBE_BW_DOWN,1252,1778061751666
1280,95914584,,,PROBE_BW_UP,1280,1778061751777
1277,95914584,1252.0,95882136.0,PROBE_BW_DOWN,1252,1778061751888
1280,95900776,1252.0,95674304.0,PROBE_BW_CRUISE,1090,1778061752000
1280,95900776,1252.0,95674304.0,PROBE_BW_CRUISE,1090,1778061753000
1280,95900776,1252.0,95674304.0,PROBE_BW_CRUISE,1090,1778061754000
1280,95900776,,,PROBE_BW_UP,1280,1778061754099
1280,95900776,,,PROBE_BW_DOWN,1280,1778061754199
1276,95922176,,,PROBE_BW_DOWN,1276,1778061754299
1276,95922176,1256.0,95922176.0,PROBE_BW_DOWN,1256,1778061754399
1280,95900776,,,PROBE_BW_REFILL,1280,1778061754499
1280,95916656,,,PROBE_BW_DOWN,1280,1778061754599
1276,95916656,,,PROBE_BW_DOWN,1276,1778061754699
1280,95900776,,,PROBE_BW_REFILL,1221,1778061754799
1280,95900776,,,PROBE_BW_REFILL,1207,1778061754899
1276,95922176,1256.0,95922176.0,PROBE_BW_CRUISE,1087,1778061755000
1276,95922176,1256.0,95922176.0,PROBE_BW_DOWN,1256,1778061755499
1276,95922176,1256.0,95922176.0,PROBE_BW_CRUISE,1087,1778061756000
1276,95922176,,,PROBE_BW_UP,1276,1778061756124
1276,95944968,,,PROBE_BW_DOWN,1276,1778061756249
1276,95922176,,,PROBE_BW_REFILL,1167,1778061756374
1276,95922176,,,PROBE_BW_REFILL,1276,1778061756499
1276,95922176,,,PROBE_BW_DOWN,1276,1778061756624
1276,95922176,,,PROBE_BW_REFILL,1181,1778061756749
1276,95922176,,,PROBE_BW_REFILL,1169,1778061756874
1276,95944968,,,PROBE_BW_REFILL,1276,1778061757000
1277,95944968,,,PROBE_BW_UP,1277,1778061757124
1277,95902848,1250.0,95902848.0,PROBE_BW_CRUISE,1088,1778061757249
1277,95902848,1255.0,95848992.0,PROBE_BW_CRUISE,1088,1778061757374
1276,95944968,,,PROBE_BW_DOWN,1276,1778061757499
1276,95944968,,,PROBE_BW_UP,1276,1778061757624
1277,95944968,1250.0,95902848.0,PROBE_BW_CRUISE,1088,1778061757749
1276,95944968,,,PROBE_BW_CRUISE,1087,1778061757874
1277,95902848,1255.0,95848992.0,PROBE_BW_CRUISE,1088,1778061758000
1277,95902848,1255.0,95848992.0,PROBE_BW_CRUISE,1088,1778061759000
1277,95902848,,,PROBE_BW_REFILL,1266,1778061760000
1277,95902848,,,PROBE_BW_UP,1277,1778061760071
1277,95902848,,,PROBE_BW_DOWN,1277,1778061760142
1277,95851752,,,PROBE_BW_UP,1277,1778061760214
1277,95902848,,,PROBE_BW_REFILL,1277,1778061760285
1277,95851752,,,PROBE_BW_REFILL,1277,1778061760356
1278,95891112,,,PROBE_BW_UP,1278,1778061760428
1277,95902848,1255.0,95848992.0,PROBE_BW_CRUISE,1088,1778061760499
1277,95902848,,,PROBE_BW_REFILL,1105,1778061760570
1277,95902848,,,PROBE_BW_REFILL,1177,1778061760642
1277,95891112,,,PROBE_BW_UP,1277,1778061760713
1277,95902848,,,PROBE_BW_REFILL,1133,1778061760784
1277,95902848,,,PROBE_BW_REFILL,1163,1778061760856
1277,95902848,,,PROBE_BW_REFILL,1147,1778061760927
1277,95891112,,,PROBE_BW_DOWN,1277,1778061761000
1278,95891112,1251.0,95879368.0,PROBE_BW_DOWN,1251,1778061761166
1278,95891112,1253.0,95669472.0,PROBE_BW_DOWN,1253,1778061761333
1278,95891112,1253.0,95669472.0,PROBE_BW_CRUISE,1089,1778061761499
1278,95891112,,,PROBE_BW_UP,1278,1778061761666
1277,95891112,1251.0,95879368.0,PROBE_BW_DOWN,1251,1778061761832
1278,95891112,1253.0,95669472.0,PROBE_BW_CRUISE,1089,1778061762000
1278,95891112,1253.0,95669472.0,PROBE_RTT,413,1778061762333
1278,95891112,,,PROBE_BW_CRUISE,1089,1778061762666
1278,95891112,,,PROBE_BW_CRUISE,1089,1778061763000
1278,95891112,,,PROBE_BW_CRUISE,1089,1778061764000
1278,95891112,,,PROBE_BW_CRUISE,1089,1778061765000
1278,95891112,,,PROBE_BW_UP,1278,1778061765099
1278,95891112,,,PROBE_BW_DOWN,1278,1778061765199
1278,95891112,,,PROBE_BW_REFILL,1278,1778061765299
1278,95891112,,,PROBE_BW_REFILL,1205,1778061765399
1278,95891112,,,PROBE_BW_REFILL,1269,1778061765499
1278,95891112,,,PROBE_BW_REFILL,1107,1778061765599
1278,95891112,,,PROBE_BW_REFILL,1161,1778061765699
1278,95891112,,,PROBE_BW_REFILL,1115,1778061765799
1278,95891112,,,PROBE_BW_REFILL,1111,1778061765899
1278,95844848,,,PROBE_BW_REFILL,1278,1778061766000
1278,95844848,,,PROBE_BW_UP,1278,1778061766083
1269,95925632,,,PROBE_BW_DOWN,1269,1778061766166
1279,95925632,1254.0,95695712.0,PROBE_BW_CRUISE,1090,1778061766249
1278,95891112,,,PROBE_BW_DOWN,1278,1778061766333
1279,95844848,,,PROBE_BW_UP,1279,1778061766416
1279,95925632,1250.0,95925632.0,PROBE_BW_DOWN,1250,1778061766499
1269,95844848,,,PROBE_BW_DOWN,1269,1778061766582
1279,95925632,1250.0,95925632.0,PROBE_BW_CRUISE,1090,1778061766666
1269,95878680,,,PROBE_BW_DOWN,1269,1778061766749
1269,95906992,,,PROBE_BW_DOWN,1269,1778061766832
1269,95925632,1250.0,95925632.0,PROBE_BW_DOWN,1250,1778061766915
1279,95925632,1254.0,95695712.0,PROBE_BW_CRUISE,1090,1778061767000
1279,95925632,1254.0,95695712.0,PROBE_BW_CRUISE,1090,1778061768000
1279,95925632,1254.0,95695712.0,PROBE_RTT,415,1778061768333
1279,95925632,,,PROBE_BW_CRUISE,1090,1778061768666
1279,95925632,,,PROBE_BW_CRUISE,1090,1778061769000
1279,95925632,,,PROBE_BW_CRUISE,1090,1778061770000
1279,95925632,,,PROBE_BW_UP,1279,1778061770071
1279,95925632,,,PROBE_BW_REFILL,1246,1778061770142
1279,95925632,,,PROBE_BW_REFILL,1279,1778061770214
1279,95925632,,,PROBE_BW_REFILL,1104,1778061770285
1279,95925632,,,PROBE_BW_REFILL,1202,1778061770356
1279,95925632,,,PROBE_BW_REFILL,1220,1778061770428
1279,95925632,,,PROBE_BW_REFILL,1156,1778061770499
1279,95925632,,,PROBE_BW_REFILL,1160,1778061770570
1279,95925632,,,PROBE_BW_REFILL,1126,1778061770642
1279,95925632,,,PROBE_BW_REFILL,1188,1778061770713
1279,95925632,,,PROBE_BW_REFILL,1158,1778061770784
1279,95925632,,,PROBE_BW_REFILL,1234,1778061770856
1279,95925632,,,PROBE_BW_REFILL,1194,1778061770927
1279,95925632,,,PROBE_BW_DOWN,1279,1778061771000
1279,95885584,,,PROBE_BW_REFILL,1279,1778061771111
1279,95885584,,,PROBE_BW_UP,1279,1778061771222
1276,95885584,,,PROBE_BW_CRUISE,1087,1778061771333
1280,95877992,1250.0,95632880.0,PROBE_BW_CRUISE,1090,1778061771444
1280,95885584,,,PROBE_BW_UP,1280,1778061771555
1280,95877992,1251.0,95877992.0,PROBE_BW_CRUISE,1090,1778061771666
1276,95885584,,,PROBE_BW_DOWN,1276,1778061771777
1279,95925632,,,PROBE_BW_UP,1279,1778061771888
1280,95877992,1250.0,95632880.0,PROBE_BW_CRUISE,1090,1778061772000
1280,95877992,1250.0,95632880.0,PROBE_BW_CRUISE,1090,1778061773000
1280,95877992,,,PROBE_BW_REFILL,1097,1778061773099
1280,95877992,,,PROBE_BW_UP,1280,1778061773199
1280,95877992,,,PROBE_BW_REFILL,1242,1778061773299
1280,95877992,,,PROBE_BW_REFILL,1280,1778061773399
1280,95877992,,,PROBE_BW_REFILL,1104,1778061773499
1280,95877992,,,PROBE_BW_REFILL,1158,1778061773599
1280,95877992,,,PROBE_BW_REFILL,1130,1778061773699
1280,95877992,,,PROBE_BW_REFILL,1160,1778061773799
1280,95877992,,,PROBE_BW_REFILL,1197,1778061773899
1280,96087888,,,PROBE_BW_DOWN,1280,1778061774000
1280,96087888,,,PROBE_BW_UP,1280,1778061774099
1276,96087888,,,PROBE_BW_DOWN,1276,1778061774199
1281,96030584,1251.0,95880752.0,PROBE_BW_DOWN,1251,1778061774299
1280,95877992,,,PROBE_BW_UP,1280,1778061774399
1280,96087888,,,PROBE_BW_REFILL,1280,1778061774499
1281,96087888,,,PROBE_BW_UP,1281,1778061774599
1280,95944968,,,PROBE_BW_UP,1280,1778061774699
1281,96087888,1251.0,95880752.0,PROBE_BW_DOWN,1251,1778061774799
1280,95944968,,,PROBE_BW_DOWN,1280,1778061774899
1281,96030584,1257.0,95738520.0,PROBE_BW_DOWN,1257,1778061775000
1281,96030584,1257.0,95738520.0,PROBE_BW_CRUISE,1091,1778061775499
1281,96030584,1257.0,95738520.0,PROBE_BW_CRUISE,1091,1778061776000
1281,96030584,1257.0,95738520.0,PROBE_RTT,414,1778061776499
1281,96030584,,,PROBE_BW_CRUISE,1091,1778061777000
1281,96030584,1257.0,95738520.0,PROBE_RTT,414,1778061777499
1281,96030584,,,PROBE_BW_CRUISE,1091,1778061778000
1281,96030584,,,PROBE_BW_CRUISE,1091,1778061779000
1281,96030584,,,PROBE_BW_UP,1281,1778061779124
1281,96030584,,,PROBE_BW_DOWN,1281,1778061779249
1281,95911824,,,PROBE_BW_REFILL,1281,1778061779374
1281,96030584,,,PROBE_BW_REFILL,1165,1778061779499
1281,95911824,,,PROBE_BW_UP,1281,1778061779624
1281,96030584,,,PROBE_BW_REFILL,1281,1778061779749
1281,96030584,,,PROBE_BW_REFILL,1169,1778061779874
1281,95911824,,,PROBE_BW_UP,1281,1778061780000
1271,95911824,,,PROBE_BW_DOWN,1271,1778061780199
1271,95893872,1252.0,95516880.0,PROBE_BW_CRUISE,1083,1778061780399
1282,95911824,,,PROBE_BW_UP,1282,1778061780599
1271,95893872,1252.0,95893872.0,PROBE_BW_CRUISE,1083,1778061780799
1271,95893872,1252.0,95516880.0,PROBE_BW_CRUISE,1083,1778061781000
1271,95893872,1252.0,95516880.0,PROBE_BW_CRUISE,1083,1778061782000
1271,95893872,,,PROBE_BW_UP,1271,1778061782199
1271,95893872,,,PROBE_BW_DOWN,1271,1778061782399
1271,95893872,,,PROBE_BW_REFILL,1271,1778061782599
1271,95893872,,,PROBE_BW_REFILL,1237,1778061782799
1271,95866256,,,PROBE_BW_REFILL,1271,1778061783000
1271,95866256,,,PROBE_BW_UP,1271,1778061783052
1273,95892488,,,PROBE_BW_UP,1273,1778061783105
1280,95902848,,,PROBE_BW_UP,1280,1778061783157
1276,95902848,1251.0,95689496.0,PROBE_RTT,415,1778061783210
1271,95893872,,,PROBE_BW_DOWN,1271,1778061783262
1275,95902848,,,PROBE_BW_UP,1275,1778061783315
1268,95902848,,,PROBE_BW_CRUISE,1080,1778061783368
1276,95902848,1250.0,95659112.0,PROBE_BW_CRUISE,1087,1778061783420
1272,95866256,,,PROBE_BW_UP,1272,1778061783473
1276,95902848,,,PROBE_BW_UP,1276,1778061783525
1277,95902848,,,PROBE_BW_UP,1277,1778061783578
1279,95902848,,,PROBE_BW_UP,1279,1778061783630
1278,95902848,,,PROBE_BW_UP,1278,1778061783683
1276,95902848,1250.0,95659112.0,PROBE_RTT,415,1778061783736
1274,95892488,,,PROBE_BW_UP,1274,1778061783788
1282,95902848,,,PROBE_BW_UP,1282,1778061783841
1276,96144512,1251.0,95689496.0,PROBE_RTT,415,1778061783893
1274,95902848,,,PROBE_BW_UP,1274,1778061783946
1276,96144512,1251.0,95689496.0,PROBE_RTT,415,1778061784000
1276,96144512,,,PROBE_BW_CRUISE,1087,1778061784499
1276,96144512,,,PROBE_BW_CRUISE,1087,1778061785000
1276,96144512,,,PROBE_BW_CRUISE,1087,1778061786000
1276,96144512,,,PROBE_BW_UP,1276,1778061786083
1276,96144512,,,PROBE_BW_REFILL,1276,1778061786166
1276,96144512,,,PROBE_BW_DOWN,1276,1778061786249
1276,96144512,,,PROBE_BW_REFILL,1273,1778061786333
1276,96144512,,,PROBE_BW_REFILL,1165,1778061786416
1276,96144512,,,PROBE_BW_REFILL,1199,1778061786499
1276,96144512,,,PROBE_BW_REFILL,1211,1778061786582
1276,96144512,,,PROBE_BW_REFILL,1227,1778061786666
1276,96144512,,,PROBE_BW_REFILL,1253,1778061786749
1276,96144512,,,PROBE_BW_REFILL,1239,1778061786832
1276,96144512,,,PROBE_BW_REFILL,1257,1778061786915
1276,96144512,,,PROBE_BW_UP,1276,1778061787000
1277,96144512,,,PROBE_BW_UP,1277,1778061787142
1277,95890416,1250.0,95890416.0,PROBE_BW_DOWN,1250,1778061787285
1277,95890416,1254.0,95607328.0,PROBE_BW_CRUISE,1088,1778061787428
1276,96144512,,,PROBE_BW_DOWN,1276,1778061787570
1277,96144512,1250.0,95890416.0,PROBE_BW_DOWN,1250,1778061787713
1277,95890416,1250.0,95890416.0,PROBE_BW_CRUISE,1088,1778061787856
1277,95890416,1254.0,95607328.0,PROBE_BW_CRUISE,1088,1778061788000
1277,95890416,1254.0,95607328.0,PROBE_BW_CRUISE,1088,1778061789000
1277,95890416,,,PROBE_BW_REFILL,1277,1778061789099
1277,95890416,,,PROBE_BW_UP,1277,1778061789199
1277,95890416,,,PROBE_BW_DOWN,1277,1778061789299
1277,95890416,,,PROBE_BW_REFILL,1111,1778061789399
1277,95890416,,,PROBE_BW_REFILL,1092,1778061789499
1277,95890416,,,PROBE_BW_REFILL,1270,1778061789599
1277,95890416,,,PROBE_BW_REFILL,1109,1778061789699
1277,95890416,,,PROBE_BW_REFILL,1256,1778061789799
1277,95890416,,,PROBE_BW_REFILL,1200,1778061789899
1277,95853136,,,PROBE_BW_REFILL,1277,1778061790000
1277,95853136,,,PROBE_BW_UP,1277,1778061790099
1270,95888344,,,PROBE_BW_DOWN,1270,1778061790199
1278,95889728,1249.0,95889728.0,PROBE_BW_DOWN,1249,1778061790299
1278,95889728,1253.0,95717800.0,PROBE_BW_CRUISE,1089,1778061790399
1278,95889728,1253.0,95717800.0,PROBE_BW_DOWN,1253,1778061790499
1270,95889728,,,PROBE_BW_DOWN,1270,1778061790599
1278,95853136,,,PROBE_BW_UP,1278,1778061790699
1277,95890416,,,PROBE_BW_DOWN,1277,1778061790799
1270,95853136,,,PROBE_BW_DOWN,1270,1778061790899
1278,95889728,1253.0,95717800.0,PROBE_BW_CRUISE,1089,1778061791000
1278,95889728,1253.0,95717800.0,PROBE_RTT,415,1778061791333
1278,95889728,,,PROBE_BW_CRUISE,1089,1778061791666
1278,95889728,,,PROBE_BW_CRUISE,1089,1778061792000
1278,95889728,,,PROBE_BW_CRUISE,1089,1778061793000
1278,95889728,,,PROBE_BW_UP,1278,1778061793199
1278,95889728,,,PROBE_BW_DOWN,1278,1778061793399
1278,95889728,,,PROBE_BW_REFILL,1199,1778061793599
1278,95889728,,,PROBE_BW_REFILL,1278,1778061793799
1278,95851064,,,PROBE_BW_REFILL,1278,1778061794000
1279,95851064,,,PROBE_BW_UP,1279,1778061794111
1279,95893872,1251.0,95893872.0,PROBE_BW_DOWN,1251,1778061794222
1279,95893872,1255.0,95654968.0,PROBE_BW_CRUISE,1090,1778061794333
1278,95851064,,,PROBE_BW_UP,1278,1778061794444
1277,95893872,,,PROBE_BW_DOWN,1277,1778061794555
1279,95893872,1251.0,95893872.0,PROBE_BW_CRUISE,1090,1778061794666
1278,95889728,,,PROBE_BW_DOWN,1278,1778061794777
1277,95851064,,,PROBE_BW_DOWN,1277,1778061794888
1279,95893872,1255.0,95654968.0,PROBE_BW_CRUISE,1090,1778061795000
1279,95893872,1255.0,95654968.0,PROBE_BW_CRUISE,1090,1778061796000
1279,95893872,,,PROBE_BW_REFILL,1125,1778061796111
1279,95893872,,,PROBE_BW_UP,1279,1778061796222
1279,95893872,,,PROBE_BW_DOWN,1279,1778061796333
1279,95893872,,,PROBE_BW_REFILL,1279,1778061796444
1279,95808256,,,PROBE_BW_REFILL,1279,1778061796555
1279,95893872,,,PROBE_BW_REFILL,1104,1778061796666
1279,95893872,,,PROBE_BW_REFILL,1118,1778061796777
1279,95893872,,,PROBE_BW_REFILL,1269,1778061796888
1279,95808256,,,PROBE_BW_UP,1279,1778061797000
1280,95956016,,,PROBE_BW_UP,1280,1778061797124
1280,95956016,1251.0,95862112.0,PROBE_RTT,416,1778061797249
1280,95956016,,,PROBE_BW_CRUISE,1090,1778061797374
1280,95956016,,,PROBE_RTT,416,1778061797499
1280,95956016,1254.0,95696400.0,PROBE_RTT,414,1778061797624
1280,95881440,,,PROBE_BW_UP,1280,1778061797749
1280,95808256,,,PROBE_BW_UP,1280,1778061797874
1280,95956016,,,PROBE_BW_CRUISE,1090,1778061798000
1280,95956016,,,PROBE_BW_CRUISE,1090,1778061799000
1280,95956016,,,PROBE_BW_REFILL,1280,1778061799499
1280,95956016,,,PROBE_BW_UP,1280,1778061800000
1280,95956016,,,PROBE_BW_DOWN,1280,1778061800166
1277,95956016,,,PROBE_BW_DOWN,1277,1778061800333
1277,95956016,1257.0,95750944.0,PROBE_BW_DOWN,1257,1778061800499
1277,95956016,1257.0,95750944.0,PROBE_BW_CRUISE,1088,1778061800666
1280,95956016,,,PROBE_BW_REFILL,1280,1778061800832
1277,95956016,1257.0,95750944.0,PROBE_BW_CRUISE,1088,1778061801000
1277,95956016,1257.0,95750944.0,PROBE_BW_CRUISE,1088,1778061802000
1277,95956016,1257.0,95750944.0,PROBE_RTT,414,1778061802333
1277,95956016,,,PROBE_BW_CRUISE,1088,1778061802666
1277,95956016,,,PROBE_BW_CRUISE,1088,1778061803000
1277,95956016,,,PROBE_BW_CRUISE,1088,1778061804000
1277,95956016,,,PROBE_BW_REFILL,1277,1778061804249
1277,95956016,,,PROBE_BW_UP,1277,1778061804499
1277,95956016,,,PROBE_BW_REFILL,1216,1778061804749
1277,95956016,,,PROBE_BW_UP,1277,1778061805000
1277,95956016,,,PROBE_BW_DOWN,1277,1778061805111
1277,95859352,,,PROBE_BW_REFILL,1277,1778061805222
1277,95859352,,,PROBE_BW_UP,1277,1778061805333
1278,95874536,,,PROBE_BW_UP,1278,1778061805444
1278,96020224,,,PROBE_BW_UP,1278,1778061805555
1275,96020224,,,PROBE_BW_DOWN,1275,1778061805666
1277,95874536,,,PROBE_BW_UP,1277,1778061805777
1275,96020224,1250.0,95909064.0,PROBE_BW_DOWN,1250,1778061805888
1278,96020224,1250.0,95909064.0,PROBE_BW_DOWN,1250,1778061806000
1278,96020224,1253.0,95719184.0,PROBE_BW_DOWN,1253,1778061806333
1278,96020224,1253.0,95719184.0,PROBE_BW_CRUISE,1089,1778061806666
1278,96020224,1253.0,95719184.0,PROBE_BW_CRUISE,1089,1778061807000
1278,96020224,,,PROBE_BW_REFILL,1278,1778061808000
1278,96020224,,,PROBE_RTT,416,1778061808099
1278,96097560,,,PROBE_BW_CRUISE,1089,1778061808199
1278,96097560,,,PROBE_RTT,417,1778061808299
1278,96020224,,,PROBE_BW_UP,1278,1778061808399
1278,96020224,,,PROBE_BW_REFILL,1201,1778061808499
1278,96020224,,,PROBE_BW_REFILL,1169,1778061808599
1278,96020224,,,PROBE_BW_REFILL,1096,1778061808699
1278,96020224,,,PROBE_BW_REFILL,1225,1778061808799
1278,96020224,1253.0,95719184.0,PROBE_BW_CRUISE,1089,1778061808899
1278,96097560,,,PROBE_BW_CRUISE,1089,1778061809000
1278,96097560,,,PROBE_BW_CRUISE,1089,1778061810000
1278,96097560,,,PROBE_BW_REFILL,1278,1778061810124
1278,96097560,,,PROBE_BW_REFILL,1219,1778061810249
1278,96097560,,,PROBE_BW_REFILL,1265,1778061810374
1278,96097560,,,PROBE_BW_REFILL,1195,1778061810499
1278,96097560,,,PROBE_BW_REFILL,1157,1778061810624
1278,96097560,,,PROBE_BW_REFILL,1261,1778061810749
1278,96097560,,,PROBE_BW_REFILL,1263,1778061810874
1278,96097560,,,PROBE_BW_UP,1278,1778061811000
1278,96097560,,,PROBE_BW_DOWN,1278,1778061811142
1279,96097560,,,PROBE_BW_UP,1279,1778061811285
1279,95895256,1251.0,95895256.0,PROBE_BW_DOWN,1251,1778061811428
1279,96097560,,,PROBE_BW_DOWN,1279,1778061811570
1278,96097560,,,PROBE_BW_REFILL,1278,1778061811713
1279,96097560,1251.0,95895256.0,PROBE_BW_DOWN,1251,1778061811856
1279,95895256,1254.0,95642544.0,PROBE_BW_DOWN,1254,1778061812000
1279,95895256,1254.0,95642544.0,PROBE_BW_CRUISE,1090,1778061812333
1279,95895256,1251.0,95895256.0,PROBE_BW_DOWN,1251,1778061812666
1279,95895256,1254.0,95642544.0,PROBE_BW_CRUISE,1090,1778061813000
1279,95895256,1254.0,95642544.0,PROBE_BW_CRUISE,1090,1778061814000
1279,95895256,,,PROBE_BW_UP,1279,1778061814090
1279,95895256,,,PROBE_BW_DOWN,1279,1778061814181
1279,95931848,,,PROBE_BW_DOWN,1279,1778061814272
1279,95895256,,,PROBE_BW_REFILL,1279,1778061814363
1279,96040248,,,PROBE_BW_DOWN,1279,1778061814454
1279,96040248,,,PROBE_BW_REFILL,1279,1778061814544
1279,95982944,,,PROBE_BW_DOWN,1279,1778061814635
1279,95904920,,,PROBE_BW_DOWN,1279,1778061814726
1279,95919416,,,PROBE_BW_DOWN,1279,1778061814817
1279,95895256,,,PROBE_BW_REFILL,1174,1778061814908
1279,96040248,,,PROBE_BW_REFILL,1279,1778061815000
1279,96040248,,,PROBE_BW_UP,1279,1778061815099
1278,96040248,,,PROBE_BW_DOWN,1278,1778061815199
1280,95985704,1257.0,95700544.0,PROBE_BW_CRUISE,1090,1778061815299
1280,96040248,,,PROBE_BW_UP,1280,1778061815399
1280,96040248,1253.0,95885584.0,PROBE_BW_DOWN,1253,1778061815499
1280,95985704,1253.0,95885584.0,PROBE_BW_DOWN,1253,1778061815599
1280,95985704,1253.0,95885584.0,PROBE_BW_CRUISE,1090,1778061815699
1280,95985704,1257.0,95700544.0,PROBE_RTT,415,1778061815799
1278,96040248,1253.0,95885584.0,PROBE_BW_DOWN,1253,1778061815899
1280,95985704,1257.0,95700544.0,PROBE_RTT,415,1778061816000
1280,95985704,,,PROBE_BW_CRUISE,1090,1778061816499
1280,95985704,,,PROBE_BW_CRUISE,1090,1778061817000
1280,95985704,,,PROBE_BW_CRUISE,1090,1778061818000
1280,95985704,,,PROBE_BW_CRUISE,1090,1778061819000
1280,95985704,,,PROBE_BW_UP,1280,1778061819066
1280,96044392,,,PROBE_BW_DOWN,1280,1778061819133
1280,96044392,,,PROBE_BW_REFILL,1280,1778061819199
1280,96044392,,,PROBE_BW_UP,1280,1778061819266
1280,95985704,,,PROBE_BW_REFILL,1202,1778061819333
1280,95985704,,,PROBE_BW_REFILL,1280,1778061819399
1280,95985704,,,PROBE_BW_REFILL,1168,1778061819466
1280,95985704,,,PROBE_BW_DOWN,1280,1778061819532
1280,95985704,,,PROBE_BW_REFILL,1154,1778061819599
1280,95985704,,,PROBE_BW_REFILL,1264,1778061819666
1280,95985704,,,PROBE_BW_REFILL,1216,1778061819732
1280,95985704,,,PROBE_BW_REFILL,1214,1778061819799
1280,95985704,,,PROBE_BW_REFILL,1200,1778061819865
1280,95985704,,,PROBE_BW_REFILL,1156,1778061819932
1277,96044392,,,PROBE_BW_DOWN,1277,1778061820000
1281,95933920,1253.0,95605256.0,PROBE_BW_CRUISE,1091,1778061820124
1277,96044392,1252.0,95933920.0,PROBE_BW_DOWN,1252,1778061820249
1281,95933920,1252.0,95933920.0,PROBE_BW_DOWN,1252,1778061820374
1280,96044392,,,PROBE_BW_UP,1280,1778061820499
1281,95933920,1252.0,95933920.0,PROBE_BW_CRUISE,1091,1778061820624
1281,96044392,,,PROBE_BW_UP,1281,1778061820749
1281,96044392,1252.0,95933920.0,PROBE_BW_DOWN,1252,1778061820874
1281,95933920,1253.0,95605256.0,PROBE_BW_CRUISE,1091,1778061821000
1281,95933920,1253.0,95605256.0,PROBE_BW_CRUISE,1091,1778061822000
1281,95933920,,,PROBE_BW_REFILL,1281,1778061822111
1281,95933920,,,PROBE_RTT,416,1778061822222
1281,95933920,,,PROBE_BW_UP,1281,1778061822333
1281,95933920,,,PROBE_BW_REFILL,1172,1778061822444
1281,95933920,,,PROBE_BW_REFILL,1203,1778061822555
1281,95933920,,,PROBE_BW_REFILL,1189,1778061822666
1281,95933920,,,PROBE_BW_REFILL,1224,1778061822777
1281,95933920,,,PROBE_BW_REFILL,1119,1778061822888
1281,95933920,,,PROBE_RTT,416,1778061823000
1281,95933920,,,PROBE_BW_CRUISE,1091,1778061823499
1281,95933920,,,PROBE_BW_CRUISE,1091,1778061824000
1281,95933920,,,PROBE_BW_CRUISE,1091,1778061825000
1281,95933920,,,PROBE_BW_REFILL,1129,1778061825499
1281,95933920,,,PROBE_BW_REFILL,1281,1778061826000
1281,95933920,,,PROBE_BW_UP,1281,1778061826076
1281,96023680,,,PROBE_BW_DOWN,1281,1778061826153
1281,96023680,,,PROBE_BW_UP,1281,1778061826230
1281,96048536,,,PROBE_BW_DOWN,1281,1778061826307
1281,96023680,,,PROBE_BW_REFILL,1281,1778061826384
1281,95942200,,,PROBE_BW_DOWN,1281,1778061826461
1282,96048536,,,PROBE_BW_UP,1282,1778061826537
1282,96048536,1255.0,95861416.0,PROBE_BW_DOWN,1255,1778061826614
1281,95933920,,,PROBE_BW_REFILL,1243,1778061826691
1281,96048536,1255.0,95861416.0,PROBE_BW_DOWN,1255,1778061826768
1281,95933920,,,PROBE_BW_DOWN,1281,1778061826845
1281,95933920,,,PROBE_BW_REFILL,1195,1778061826922
1282,96048536,1255.0,95861416.0,PROBE_BW_CRUISE,1092,1778061827000
1282,96048536,1255.0,95688112.0,PROBE_BW_CRUISE,1092,1778061827333
1282,96048536,1255.0,95861416.0,PROBE_BW_DOWN,1255,1778061827666
1282,96048536,1255.0,95688112.0,PROBE_BW_CRUISE,1092,1778061828000
1282,96048536,1255.0,95688112.0,PROBE_BW_CRUISE,1092,1778061829000
1282,96048536,,,PROBE_BW_UP,1282,1778061829142
1282,96048536,,,PROBE_BW_DOWN,1282,1778061829285
1282,96048536,,,PROBE_BW_REFILL,1282,1778061829428
1282,96048536,,,PROBE_BW_REFILL,1239,1778061829570
1282,96048536,,,PROBE_BW_REFILL,1256,1778061829713
1282,96048536,,,PROBE_BW_REFILL,1258,1778061829856
1277,96035416,1256.0,95883512.0,PROBE_BW_CRUISE,1088,1778061830000
1277,96035416,,,PROBE_BW_DOWN,1277,1778061830333
1282,96048536,,,PROBE_BW_DOWN,1282,1778061830666
1277,96035416,1256.0,95883512.0,PROBE_BW_CRUISE,1088,1778061831000
1277,96035416,1256.0,95883512.0,PROBE_BW_CRUISE,1088,1778061832000
1277,96035416,,,PROBE_BW_REFILL,1277,1778061832090
1277,96035416,,,PROBE_BW_UP,1277,1778061832181
1277,96035416,,,PROBE_BW_DOWN,1277,1778061832272
1277,95979488,,,PROBE_BW_UP,1277,1778061832363
1277,95979488,,,PROBE_BW_REFILL,1277,1778061832454
1277,96035416,,,PROBE_BW_REFILL,1168,1778061832544
1277,96035416,,,PROBE_BW_REFILL,1130,1778061832635
1277,96035416,,,PROBE_BW_REFILL,1164,1778061832726
1277,96035416,,,PROBE_BW_REFILL,1270,1778061832817
1277,96035416,,,PROBE_BW_REFILL,1156,1778061832908
1277,95979488,,,PROBE_BW_UP,1277,1778061833000
1277,95979488,,,PROBE_BW_DOWN,1277,1778061833124
1278,95904232,1255.0,95735064.0,PROBE_RTT,415,1778061833249
1278,95979488,,,PROBE_BW_UP,1278,1778061833374
1277,95979488,1250.0,95848992.0,PROBE_BW_DOWN,1250,1778061833499
1278,95904232,,,PROBE_BW_CRUISE,1089,1778061833624
1278,95904232,1250.0,95848992.0,PROBE_BW_DOWN,1250,1778061833749
1278,95904232,1250.0,95848992.0,PROBE_RTT,416,1778061833874
1278,95904232,,,PROBE_BW_CRUISE,1089,1778061834000
1278,95904232,,,PROBE_BW_CRUISE,1089,1778061835000
1278,95904232,,,PROBE_BW_CRUISE,1089,1778061836000
1278,95904232,,,PROBE_BW_REFILL,1278,1778061836111
1278,95904232,,,PROBE_BW_UP,1278,1778061836222
1278,95904232,,,PROBE_BW_DOWN,1278,1778061836333
1278,95880064,,,PROBE_BW_REFILL,1278,1778061836444
1278,95904232,,,PROBE_BW_REFILL,1267,1778061836555
1278,95904232,,,PROBE_BW_REFILL,1199,1778061836666
1278,95904232,,,PROBE_BW_REFILL,1139,1778061836777
1278,95904232,,,PROBE_BW_REFILL,1261,1778061836888
1278,95880064,,,PROBE_BW_UP,1278,1778061837000
1278,95904920,,,PROBE_BW_UP,1278,1778061837111
1276,95933224,,,PROBE_BW_DOWN,1276,1778061837222
1279,95933224,1255.0,95649448.0,PROBE_BW_CRUISE,1090,1778061837333
1279,95904920,,,PROBE_BW_UP,1279,1778061837444
1279,95933224,1252.0,95933224.0,PROBE_BW_DOWN,1252,1778061837555
1279,95933224,1252.0,95933224.0,PROBE_BW_CRUISE,1090,1778061837666
1278,95880064,,,PROBE_BW_REFILL,1278,1778061837777
1276,95904920,,,PROBE_BW_DOWN,1276,1778061837888
1279,95933224,1255.0,95649448.0,PROBE_BW_CRUISE,1090,1778061838000
1279,95933224,1255.0,95649448.0,PROBE_BW_CRUISE,1090,1778061839000
1279,95933224,,,PROBE_BW_REFILL,1279,1778061839076
1279,95933224,,,PROBE_BW_UP,1279,1778061839153
1274,95860728,,,PROBE_BW_DOWN,1274,1778061839230
1279,95933224,,,PROBE_BW_DOWN,1279,1778061839307
1279,95933224,,,PROBE_BW_REFILL,1106,1778061839384
1279,95933224,,,PROBE_BW_REFILL,1258,1778061839461
1279,95933224,,,PROBE_BW_REFILL,1113,1778061839537
1279,95933224,,,PROBE_BW_REFILL,1234,1778061839614
1279,95933224,,,PROBE_BW_REFILL,1104,1778061839691
1279,95933224,,,PROBE_BW_REFILL,1225,1778061839768
1279,95933224,,,PROBE_BW_REFILL,1197,1778061839845
1279,95933224,,,PROBE_BW_REFILL,1206,1778061839922
1274,95860728,1253.0,95820680.0,PROBE_BW_CRUISE,1085,1778061840000
1274,95860728,1253.0,95820680.0,PROBE_RTT,415,1778061840199
1274,95860728,,,PROBE_BW_CRUISE,1085,1778061840399
1274,95860728,,,PROBE_BW_DOWN,1274,1778061840599
1274,95860728,1253.0,95820680.0,PROBE_BW_DOWN,1253,1778061840799
1274,95860728,,,PROBE_BW_CRUISE,1085,1778061841000
1274,95860728,,,PROBE_BW_CRUISE,1085,1778061842000
1274,95860728,,,PROBE_BW_CRUISE,1085,1778061843000
1274,95860728,,,PROBE_BW_UP,1274,1778061843062
1274,95938064,,,PROBE_BW_DOWN,1274,1778061843124
1274,95938064,,,PROBE_BW_REFILL,1274,1778061843187
1274,95938064,,,PROBE_BW_UP,1274,1778061843249
1274,95860728,,,PROBE_BW_REFILL,1167,1778061843312
1275,95938064,,,PROBE_BW_UP,1275,1778061843374
1274,95860728,,,PROBE_BW_REFILL,1274,1778061843437
1276,95938064,,,PROBE_BW_DOWN,1276,1778061843499
1274,95860728,,,PROBE_BW_REFILL,1193,1778061843561
1274,95860728,,,PROBE_BW_REFILL,1271,1778061843624
1274,95860728,,,PROBE_BW_REFILL,1149,1778061843686
1274,95860728,,,PROBE_BW_REFILL,1269,1778061843749
1274,95860728,,,PROBE_BW_REFILL,1191,1778061843811
1274,95860728,,,PROBE_BW_REFILL,1265,1778061843874
1274,95860728,,,PROBE_BW_REFILL,1089,1778061843936
1276,95938064,,,PROBE_BW_DOWN,1276,1778061844000
1276,95902848,1254.0,95814472.0,PROBE_BW_DOWN,1254,1778061844199
1276,95902848,1254.0,95814472.0,PROBE_BW_CRUISE,1087,1778061844399
1276,95902848,1249.0,95902848.0,PROBE_BW_DOWN,1249,1778061844599
1276,95938064,1249.0,95902848.0,PROBE_BW_DOWN,1249,1778061844799
1276,95902848,1254.0,95814472.0,PROBE_BW_CRUISE,1087,1778061845000
1276,95902848,1254.0,95814472.0,PROBE_BW_CRUISE,1087,1778061846000
1276,95902848,,,PROBE_BW_UP,1276,1778061846066
1276,95989152,,,PROBE_BW_DOWN,1276,1778061846133
1276,95902848,,,PROBE_BW_REFILL,1276,1778061846199
1276,96005728,,,PROBE_BW_DOWN,1276,1778061846266
1276,96005728,,,PROBE_BW_REFILL,1276,1778061846333
1276,95902848,,,PROBE_BW_DOWN,1276,1778061846399
1276,95943584,,,PROBE_BW_DOWN,1276,1778061846466
1276,95990536,,,PROBE_BW_DOWN,1276,1778061846532
1276,95922176,,,PROBE_BW_DOWN,1276,1778061846599
1276,95902848,,,PROBE_BW_REFILL,1213,1778061846666
1276,95915968,,,PROBE_BW_DOWN,1276,1778061846732
1276,95929776,,,PROBE_BW_DOWN,1276,1778061846799
1276,95902848,,,PROBE_BW_REFILL,1236,1778061846865
1276,95902848,,,PROBE_BW_REFILL,1262,1778061846932
1276,96005728,,,PROBE_BW_UP,1276,1778061847000
1277,96005728,,,PROBE_BW_UP,1277,1778061847124
1277,96005728,1250.0,95894560.0,PROBE_RTT,416,1778061847249
1277,96005728,,,PROBE_BW_CRUISE,1088,1778061847374
1276,96005728,,,PROBE_RTT,416,1778061847499
1277,96005728,1253.0,95843464.0,PROBE_RTT,414,1778061847624
1276,96005728,,,PROBE_BW_REFILL,1276,1778061847749
1276,96005728,,,PROBE_BW_DOWN,1276,1778061847874
1277,96005728,,,PROBE_BW_CRUISE,1088,1778061848000
1277,96005728,,,PROBE_BW_CRUISE,1088,1778061849000
1277,96005728,,,PROBE_BW_REFILL,1236,1778061849124
1277,96005728,,,PROBE_BW_REFILL,1277,1778061849249
1277,96005728,,,PROBE_BW_REFILL,1090,1778061849374
1277,96005728,,,PROBE_BW_REFILL,1158,1778061849499
1277,96005728,,,PROBE_BW_REFILL,1160,1778061849624
1277,96005728,,,PROBE_BW_REFILL,1136,1778061849749
1277,96005728,,,PROBE_BW_REFILL,1134,1778061849874
1277,96005728,,,PROBE_BW_UP,1277,1778061850000
1277,96046464,,,PROBE_BW_DOWN,1277,1778061850142
1277,96046464,,,PROBE_BW_UP,1277,1778061850285
1276,96046464,,,PROBE_BW_DOWN,1276,1778061850428
1277,96005728,,,PROBE_BW_REFILL,1277,1778061850570
1277,96046464,,,PROBE_BW_REFILL,1277,1778061850713
1278,96046464,,,PROBE_BW_UP,1278,1778061850856
1278,95914584,1255.0,95641856.0,PROBE_BW_DOWN,1255,1778061851000
1278,95914584,1255.0,95641856.0,PROBE_BW_CRUISE,1089,1778061851166
1278,96046464,1250.0,95911824.0,PROBE_BW_DOWN,1250,1778061851333
1278,95914584,1250.0,95911824.0,PROBE_BW_DOWN,1250,1778061851499
1276,96046464,,,PROBE_BW_DOWN,1276,1778061851666
1276,96046464,1250.0,95911824.0,PROBE_BW_DOWN,1250,1778061851832
1278,95914584,1255.0,95641856.0,PROBE_BW_CRUISE,1089,1778061852000
1278,95914584,1255.0,95641856.0,PROBE_RTT,413,1778061852333
1278,95914584,,,PROBE_BW_CRUISE,1089,1778061852666
1278,95914584,,,PROBE_BW_CRUISE,1089,1778061853000
1278,95914584,,,PROBE_BW_CRUISE,1089,1778061854000
1278,95914584,,,PROBE_BW_CRUISE,1089,1778061855000
1278,95914584,,,PROBE_BW_REFILL,1187,1778061855099
1278,95914584,,,PROBE_BW_UP,1278,1778061855199
1278,95914584,,,PROBE_BW_REFILL,1278,1778061855299
1278,96038864,,,PROBE_BW_DOWN,1278,1778061855399
1278,96087200,,,PROBE_BW_DOWN,1278,1778061855499
1278,95914584,,,PROBE_BW_REFILL,1093,1778061855599
1278,96038864,,,PROBE_BW_UP,1278,1778061855699
1278,95914584,,,PROBE_BW_REFILL,1139,1778061855799
1278,95914584,,,PROBE_BW_REFILL,1113,1778061855899
1278,96087200,,,PROBE_BW_DOWN,1278,1778061856000
1278,96087200,,,PROBE_BW_UP,1278,1778061856124
1277,96087200,,,PROBE_BW_DOWN,1277,1778061856249
1279,95910440,1255.0,95641856.0,PROBE_BW_CRUISE,1090,1778061856374
1278,96087200,,,PROBE_BW_REFILL,1278,1778061856499
1279,95910440,1251.0,95910440.0,PROBE_BW_DOWN,1251,1778061856624
1279,95910440,1255.0,95641856.0,PROBE_BW_DOWN,1255,1778061856749
1279,96087200,,,PROBE_BW_UP,1279,1778061856874
1279,95910440,1255.0,95641856.0,PROBE_BW_CRUISE,1090,1778061857000
1279,95910440,1255.0,95641856.0,PROBE_BW_CRUISE,1090,1778061858000
1279,95910440,1255.0,95641856.0,PROBE_RTT,415,1778061858333
1279,95910440,,,PROBE_BW_CRUISE,1090,1778061858666
1279,95910440,,,PROBE_BW_CRUISE,1090,1778061859000
1279,95910440,,,PROBE_BW_CRUISE,1090,1778061860000
1279,95910440,,,PROBE_BW_CRUISE,1090,1778061861000
1279,95910440,,,PROBE_BW_REFILL,1279,1778061861090
1279,95910440,,,PROBE_BW_UP,1279,1778061861181
1279,95846232,,,PROBE_BW_REFILL,1279,1778061861272
1279,95846232,,,PROBE_BW_UP,1279,1778061861363
1279,95910440,,,PROBE_BW_DOWN,1279,1778061861454
1279,95910440,,,PROBE_BW_REFILL,1210,1778061861544
1279,95910440,,,PROBE_BW_REFILL,1240,1778061861635
1279,95910440,,,PROBE_BW_REFILL,1266,1778061861726
1279,95910440,,,PROBE_BW_REFILL,1118,1778061861817
1279,95910440,,,PROBE_BW_REFILL,1236,1778061861908
1279,95846232,,,PROBE_BW_UP,1279,1778061862000
1271,95910440,,,PROBE_BW_DOWN,1271,1778061862142
1280,95910440,1252.0,95596976.0,PROBE_BW_CRUISE,1090,1778061862285
1280,95867632,,,PROBE_BW_UP,1280,1778061862428
1280,95910440,1251.0,95910440.0,PROBE_BW_DOWN,1251,1778061862570
1271,95867632,,,PROBE_BW_DOWN,1271,1778061862713
1280,95910440,1252.0,95596976.0,PROBE_BW_DOWN,1252,1778061862856
1280,95910440,1252.0,95596976.0,PROBE_BW_CRUISE,1090,1778061863000
1280,95910440,1252.0,95596976.0,PROBE_RTT,414,1778061863333
1280,95910440,,,PROBE_BW_CRUISE,1090,1778061863666
1280,95910440,,,PROBE_BW_CRUISE,1090,1778061864000
1280,95910440,,,PROBE_BW_CRUISE,1090,1778061865000
1280,95910440,,,PROBE_BW_CRUISE,1090,1778061866000
1280,95910440,,,PROBE_BW_UP,1280,1778061866142
1280,95969824,,,PROBE_BW_DOWN,1280,1778061866285
1280,95910440,,,PROBE_BW_REFILL,1280,1778061866428
1280,95969824,,,PROBE_BW_REFILL,1280,1778061866570
1280,95910440,,,PROBE_BW_DOWN,1280,1778061866713
1280,95910440,,,PROBE_BW_REFILL,1256,1778061866856
1280,95969824,,,PROBE_BW_UP,1280,1778061867000
1277,95969824,,,PROBE_BW_DOWN,1277,1778061867111
1281,95877304,1250.0,95687424.0,PROBE_BW_CRUISE,1091,1778061867222
1281,95969824,,,PROBE_BW_UP,1281,1778061867333
1281,95877304,1252.0,95877304.0,PROBE_BW_CRUISE,1091,1778061867444
1280,95969824,,,PROBE_BW_REFILL,1280,1778061867555
1277,95969824,1252.0,95877304.0,PROBE_BW_CRUISE,1088,1778061867666
1281,95969824,1252.0,95877304.0,PROBE_BW_CRUISE,1091,1778061867777
1277,95969824,,,PROBE_BW_CRUISE,1088,1778061867888
1281,95877304,1250.0,95687424.0,PROBE_BW_CRUISE,1091,1778061868000
1281,95877304,1250.0,95687424.0,PROBE_BW_CRUISE,1091,1778061869000
1281,95877304,,,PROBE_BW_REFILL,1281,1778061869333
1281,95877304,,,PROBE_BW_REFILL,1166,1778061869666
1281,95877304,,,PROBE_BW_UP,1281,1778061870000
1281,96085816,,,PROBE_BW_DOWN,1281,1778061870083
1281,96085816,,,PROBE_BW_REFILL,1281,1778061870166
1282,96085816,,,PROBE_BW_UP,1282,1778061870249
1282,96061656,1252.0,95878680.0,PROBE_BW_DOWN,1252,1778061870333
1281,95877304,,,PROBE_BW_REFILL,1281,1778061870416
1281,96085816,,,PROBE_BW_UP,1281,1778061870499
1277,96085816,,,PROBE_BW_DOWN,1277,1778061870582
1281,96048536,,,PROBE_BW_DOWN,1281,1778061870666
1282,96085816,1252.0,95878680.0,PROBE_BW_DOWN,1252,1778061870749
1281,95957392,,,PROBE_BW_DOWN,1281,1778061870832
1277,96085816,1252.0,95878680.0,PROBE_BW_DOWN,1252,1778061870915
1282,96061656,1259.0,95671544.0,PROBE_BW_CRUISE,1092,1778061871000
1282,96061656,1252.0,95878680.0,PROBE_BW_CRUISE,1092,1778061871333
1282,96061656,1252.0,95878680.0,PROBE_BW_DOWN,1252,1778061871666
1282,96061656,1259.0,95671544.0,PROBE_BW_CRUISE,1092,1778061872000
1282,96061656,1259.0,95671544.0,PROBE_RTT,413,1778061872333
1282,96061656,,,PROBE_BW_CRUISE,1092,1778061872666
1282,96061656,,,PROBE_BW_CRUISE,1092,1778061873000
1282,96061656,,,PROBE_BW_CRUISE,1092,1778061874000
1282,96061656,,,PROBE_BW_CRUISE,1092,1778061875000
1282,96061656,,,PROBE_BW_UP,1282,1778061875076
1282,96061656,,,PROBE_BW_DOWN,1282,1778061875153
1277,95918728,,,PROBE_BW_DOWN,1277,1778061875230
1282,96061656,,,PROBE_BW_REFILL,1228,1778061875307
1277,95918728,1256.0,95849680.0,PROBE_BW_CRUISE,1088,1778061875384
1282,96061656,,,PROBE_BW_REFILL,1282,1778061875461
1277,95918728,,,PROBE_BW_CRUISE,1088,1778061875537
1282,96061656,,,PROBE_BW_REFILL,1198,1778061875614
1282,96061656,,,PROBE_BW_REFILL,1110,1778061875691
1282,96061656,,,PROBE_BW_REFILL,1196,1778061875768
1282,96061656,,,PROBE_BW_REFILL,1224,1778061875845
1282,96061656,,,PROBE_BW_REFILL,1212,1778061875922
1277,95918728,1256.0,95849680.0,PROBE_BW_CRUISE,1088,1778061876000
1277,95918728,1256.0,95849680.0,PROBE_BW_CRUISE,1090,1778061876499
1277,95918728,1256.0,95849680.0,PROBE_BW_CRUISE,1088,1778061877000
1277,95918728,,,PROBE_BW_REFILL,1277,1778061878000
1277,95918728,,,PROBE_BW_UP,1277,1778061878062
1277,95918728,,,PROBE_BW_DOWN,1277,1778061878124
1277,95838632,,,PROBE_BW_UP,1277,1778061878187
1269,96095488,,,PROBE_BW_DOWN,1269,1778061878249
1277,95918728,1256.0,95849680.0,PROBE_BW_CRUISE,1088,1778061878312
1277,95838632,,,PROBE_BW_REFILL,1277,1778061878374
1277,95978800,,,PROBE_BW_UP,1277,1778061878437
1277,96095488,,,PROBE_BW_UP,1277,1778061878499
1278,96095488,,,PROBE_BW_UP,1278,1778061878561
1277,95918728,,,PROBE_BW_REFILL,1247,1778061878624
1277,95918728,,,PROBE_BW_REFILL,1121,1778061878686
1277,95918728,,,PROBE_BW_REFILL,1132,1778061878749
1277,95918728,,,PROBE_BW_REFILL,1128,1778061878811
1277,95918728,,,PROBE_BW_REFILL,1184,1778061878874
1277,95918728,,,PROBE_BW_REFILL,1093,1778061878936
1278,96095488,1251.0,95906992.0,PROBE_BW_DOWN,1251,1778061879000
1278,96095488,1255.0,95813088.0,PROBE_BW_DOWN,1255,1778061879249
1278,96095488,1255.0,95813088.0,PROBE_BW_CRUISE,1089,1778061879499
1269,96095488,,,PROBE_BW_DOWN,1269,1778061879749
1278,96095488,1255.0,95813088.0,PROBE_BW_CRUISE,1089,1778061880000
1278,96095488,1255.0,95813088.0,PROBE_BW_CRUISE,1089,1778061881000
1278,96095488,,,PROBE_BW_UP,1278,1778061881166
1278,96095488,,,PROBE_BW_DOWN,1278,1778061881333
1278,96095488,,,PROBE_BW_REFILL,1278,1778061881499
1278,96095488,,,PROBE_BW_REFILL,1150,1778061881666
1278,96095488,,,PROBE_BW_REFILL,1147,1778061881832
1278,96085816,,,PROBE_RTT,416,1778061882000
1278,96085816,1254.0,95999512.0,PROBE_RTT,416,1778061882199
1278,96085816,,,PROBE_BW_CRUISE,1089,1778061882399
1278,96085816,,,PROBE_BW_REFILL,1278,1778061882599
1278,96095488,,,PROBE_BW_DOWN,1278,1778061882799
1278,96085816,,,PROBE_BW_CRUISE,1089,1778061883000
1278,96085816,,,PROBE_BW_CRUISE,1089,1778061884000
1278,96085816,,,PROBE_BW_REFILL,1278,1778061884062
1278,96085816,,,PROBE_BW_UP,1278,1778061884124
1279,96085816,,,PROBE_BW_UP,1279,1778061884187
1278,96085816,,,PROBE_BW_REFILL,1175,1778061884249
1278,96085816,,,PROBE_BW_REFILL,1225,1778061884312
1278,96085816,,,PROBE_BW_REFILL,1269,1778061884374
1278,96085816,,,PROBE_BW_REFILL,1211,1778061884437
1278,96085816,,,PROBE_BW_REFILL,1169,1778061884499
1278,96085816,,,PROBE_BW_REFILL,1235,1778061884561
1278,96085816,,,PROBE_BW_REFILL,1259,1778061884624
1278,96085816,,,PROBE_BW_REFILL,1197,1778061884686
1278,96085816,,,PROBE_BW_REFILL,1155,1778061884749
1278,96085816,,,PROBE_BW_REFILL,1263,1778061884811
1278,96085816,,,PROBE_BW_REFILL,1207,1778061884874
1278,96085816,,,PROBE_BW_REFILL,1147,1778061884936
1279,96085816,,,PROBE_BW_UP,1279,1778061885000
1279,95913208,1251.0,95894560.0,PROBE_BW_DOWN,1251,1778061885199
1279,95913208,1255.0,95688112.0,PROBE_BW_CRUISE,1090,1778061885399
1277,96085816,,,PROBE_BW_DOWN,1277,1778061885599
1279,96085816,1251.0,95894560.0,PROBE_BW_DOWN,1251,1778061885799
1279,95913208,1255.0,95688112.0,PROBE_BW_CRUISE,1090,1778061886000
1279,95913208,1255.0,95688112.0,PROBE_BW_CRUISE,1090,1778061887000
1279,95913208,,,PROBE_BW_REFILL,1279,1778061887066
1279,95913208,,,PROBE_BW_UP,1279,1778061887133
1279,95913208,,,PROBE_RTT,416,1778061887199
1279,95913208,,,PROBE_BW_CRUISE,1090,1778061887266
1279,95913208,1256.0,95898704.0,PROBE_RTT,414,1778061887333
1279,95913208,,,PROBE_BW_REFILL,1144,1778061887399
1279,95913208,,,PROBE_BW_DOWN,1279,1778061887466
1279,95913208,,,PROBE_BW_REFILL,1233,1778061887532
1279,95913208,,,PROBE_BW_REFILL,1275,1778061887599
1279,95913208,,,PROBE_BW_REFILL,1200,1778061887666
1279,95913208,,,PROBE_BW_REFILL,1160,1778061887732
1279,95913208,,,PROBE_BW_REFILL,1228,1778061887799
1279,95913208,,,PROBE_BW_REFILL,1183,1778061887865
1279,95913208,,,PROBE_BW_REFILL,1158,1778061887932
1279,95913208,,,PROBE_BW_UP,1279,1778061888000
1276,95913208,,,PROBE_BW_DOWN,1276,1778061888090
1280,95898704,1253.0,95700544.0,PROBE_BW_CRUISE,1090,1778061888181
1279,95913208,,,PROBE_BW_REFILL,1279,1778061888272
1280,95913208,,,PROBE_BW_UP,1280,1778061888363
1280,95898704,1251.0,95884896.0,PROBE_BW_CRUISE,1090,1778061888454
1279,95913208,,,PROBE_BW_CRUISE,1090,1778061888544
1279,95913208,,,PROBE_BW_REFILL,1108,1778061888635
1276,95913208,1251.0,95884896.0,PROBE_BW_CRUISE,1087,1778061888726
1279,95913208,,,PROBE_BW_REFILL,1128,1778061888817
1280,95913208,1251.0,95884896.0,PROBE_BW_CRUISE,1088,1778061888908
1280,95898704,1253.0,95700544.0,PROBE_BW_CRUISE,1090,1778061889000
1280,95898704,1253.0,95700544.0,PROBE_BW_CRUISE,1090,1778061890000
1280,95898704,1253.0,95700544.0,PROBE_BW_CRUISE,1090,1778061891000
1280,95898704,,,PROBE_BW_REFILL,1280,1778061891090
1280,95898704,,,PROBE_BW_UP,1280,1778061891181
1280,95969128,,,PROBE_BW_DOWN,1280,1778061891272
1280,95898704,,,PROBE_BW_DOWN,1280,1778061891363
1280,95969128,,,PROBE_BW_REFILL,1280,1778061891454
1280,95898704,,,PROBE_BW_REFILL,1116,1778061891544
1280,95969128,,,PROBE_BW_UP,1280,1778061891635
1280,95898704,,,PROBE_BW_REFILL,1239,1778061891726
1280,95898704,,,PROBE_BW_REFILL,1209,1778061891817
1280,95898704,,,PROBE_BW_REFILL,1097,1778061891908
1280,95969128,,,PROBE_BW_UP,1280,1778061892000
1271,95969128,,,PROBE_BW_DOWN,1271,1778061892124
1281,95967752,1252.0,95846232.0,PROBE_BW_CRUISE,1091,1778061892249
1281,95967752,1257.0,95625976.0,PROBE_BW_CRUISE,1091,1778061892374
1281,95969128,,,PROBE_BW_UP,1281,1778061892499
1271,95969128,,,PROBE_BW_CRUISE,1083,1778061892624
1281,95967752,1257.0,95625976.0,PROBE_RTT,413,1778061892749
1281,95969128,1252.0,95846232.0,PROBE_BW_CRUISE,1091,1778061892874
1281,95967752,1257.0,95625976.0,PROBE_RTT,413,1778061893000
1281,95967752,,,PROBE_BW_CRUISE,1091,1778061893499
1281,95967752,,,PROBE_BW_CRUISE,1091,1778061894000
1281,95967752,,,PROBE_BW_CRUISE,1091,1778061895000
1281,95967752,,,PROBE_BW_REFILL,1281,1778061895062
1281,95967752,,,PROBE_BW_UP,1281,1778061895124
1281,95967056,,,PROBE_BW_REFILL,1281,1778061895187
1281,95967056,,,PROBE_BW_UP,1281,1778061895249
1281,95967752,,,PROBE_BW_DOWN,1281,1778061895312
1281,95967752,,,PROBE_BW_REFILL,1237,1778061895374
1282,95967056,,,PROBE_BW_UP,1282,1778061895437
1281,95967752,,,PROBE_BW_REFILL,1249,1778061895499
1281,95967752,,,PROBE_BW_REFILL,1169,1778061895561
1281,95967752,,,PROBE_BW_REFILL,1209,1778061895624
1281,95967752,,,PROBE_BW_REFILL,1261,1778061895686
1281,95967752,,,PROBE_BW_REFILL,1199,1778061895749
1281,95967752,,,PROBE_BW_REFILL,1277,1778061895811
1281,95967752,,,PROBE_BW_REFILL,1225,1778061895874
1281,95967752,,,PROBE_BW_REFILL,1211,1778061895936
1282,96033344,,,PROBE_BW_DOWN,1282,1778061896000
1282,96033344,1250.0,95712968.0,PROBE_BW_CRUISE,1092,1778061896199
1282,96033344,,,PROBE_BW_UP,1282,1778061896399
1282,96033344,1253.0,95892488.0,PROBE_BW_CRUISE,1092,1778061896599
1282,95967056,,,PROBE_BW_UP,1282,1778061896799
1282,96033344,1250.0,95712968.0,PROBE_BW_CRUISE,1092,1778061897000
1282,96033344,1250.0,95712968.0,PROBE_BW_CRUISE,1092,1778061898000
1282,96033344,,,PROBE_BW_REFILL,1282,1778061898083
1282,96033344,,,PROBE_BW_UP,1282,1778061898166
1282,96067176,,,PROBE_BW_DOWN,1282,1778061898249
1282,96033344,,,PROBE_BW_DOWN,1282,1778061898333
1282,96033344,,,PROBE_BW_REFILL,1248,1778061898416
1282,96033344,,,PROBE_BW_REFILL,1104,1778061898499
1282,96033344,,,PROBE_BW_REFILL,1276,1778061898582
1282,96033344,,,PROBE_BW_REFILL,1097,1778061898666
1282,96033344,,,PROBE_BW_REFILL,1181,1778061898749
1282,96033344,,,PROBE_BW_REFILL,1253,1778061898832
1282,96033344,,,PROBE_BW_REFILL,1099,1778061898915
1282,96067176,,,PROBE_BW_UP,1282,1778061899000
1276,96067176,,,PROBE_BW_DOWN,1276,1778061899142
1276,95893872,1251.0,95846920.0,PROBE_BW_DOWN,1251,1778061899285
1276,95893872,1252.0,95660496.0,PROBE_BW_CRUISE,1087,1778061899428
1282,96067176,,,PROBE_BW_REFILL,1282,1778061899570
1283,96067176,,,PROBE_BW_UP,1283,1778061899713
1276,95893872,1252.0,95660496.0,PROBE_BW_DOWN,1252,1778061899856
1276,95893872,1252.0,95660496.0,PROBE_BW_CRUISE,1087,1778061900000
1276,95893872,1252.0,95660496.0,PROBE_BW_CRUISE,1087,1778061901000
1276,95893872,1252.0,95660496.0,PROBE_RTT,413,1778061901333
1276,95893872,,,PROBE_BW_CRUISE,1087,1778061901666
1276,95893872,,,PROBE_BW_CRUISE,1087,1778061902000
1276,95893872,,,PROBE_BW_CRUISE,1087,1778061903000
1276,95893872,,,PROBE_BW_REFILL,1276,1778061903199
1276,95893872,,,PROBE_BW_UP,1276,1778061903399
1276,95893872,,,PROBE_BW_REFILL,1119,1778061903599
1276,95893872,,,PROBE_BW_REFILL,1101,1778061903799
1276,95893872,,,PROBE_BW_UP,1276,1778061904000
1276,95970512,,,PROBE_BW_DOWN,1276,1778061904124
1276,95970512,,,PROBE_BW_UP,1276,1778061904249
1269,95970512,,,PROBE_BW_DOWN,1269,1778061904374
1276,95893872,,,PROBE_BW_DOWN,1276,1778061904499
1276,95970512,,,PROBE_BW_REFILL,1276,1778061904624
1277,95970512,,,PROBE_BW_UP,1277,1778061904749
1277,95895256,1251.0,95891112.0,PROBE_BW_DOWN,1251,1778061904874
1277,95895256,1254.0,95597664.0,PROBE_BW_DOWN,1254,1778061905000
1277,95895256,1254.0,95597664.0,PROBE_BW_CRUISE,1088,1778061905333
1277,95895256,1251.0,95891112.0,PROBE_BW_DOWN,1251,1778061905666
1277,95895256,1254.0,95597664.0,PROBE_BW_CRUISE,1088,1778061906000
1277,95895256,1254.0,95597664.0,PROBE_BW_CRUISE,1088,1778061907000
1277,95895256,,,PROBE_BW_UP,1277,1778061907071
1277,95895256,,,PROBE_BW_DOWN,1277,1778061907142
1277,95868328,,,PROBE_BW_REFILL,1277,1778061907214
1278,95871088,,,PROBE_BW_UP,1278,1778061907285
1277,95895256,,,PROBE_BW_REFILL,1277,1778061907356
1277,95868328,,,PROBE_BW_UP,1277,1778061907428
1277,95871088,,,PROBE_BW_UP,1277,1778061907499
1277,95895256,,,PROBE_BW_REFILL,1246,1778061907570
1277,95895256,,,PROBE_BW_REFILL,1256,1778061907642
1277,95895256,,,PROBE_BW_REFILL,1123,1778061907713
1277,95895256,,,PROBE_BW_REFILL,1125,1778061907784
1277,95895256,,,PROBE_BW_REFILL,1139,1778061907856
1277,95895256,,,PROBE_BW_REFILL,1244,1778061907927
1278,95899392,1250.0,95899392.0,PROBE_BW_DOWN,1250,1778061908000
1278,95899392,1254.0,95739208.0,PROBE_BW_CRUISE,1089,1778061908142
1270,95899392,,,PROBE_BW_DOWN,1270,1778061908285
1278,95871088,,,PROBE_BW_UP,1278,1778061908428
1278,95899392,1250.0,95899392.0,PROBE_BW_CRUISE,1089,1778061908570
1270,95871088,,,PROBE_BW_DOWN,1270,1778061908713
1270,95899392,1250.0,95899392.0,PROBE_BW_DOWN,1250,1778061908856
1278,95899392,1254.0,95739208.0,PROBE_BW_CRUISE,1089,1778061909000
1278,95899392,1254.0,95739208.0,PROBE_BW_CRUISE,1089,1778061910000
1278,95899392,,,PROBE_BW_UP,1278,1778061910066
1278,95938064,,,PROBE_BW_DOWN,1278,1778061910133
1278,95976728,,,PROBE_BW_REFILL,1278,1778061910199
1278,95976728,,,PROBE_BW_UP,1278,1778061910266
1278,95899392,,,PROBE_BW_REFILL,1278,1778061910333
1279,95976728,,,PROBE_BW_UP,1279,1778061910399
1276,95976728,,,PROBE_BW_DOWN,1276,1778061910466
1278,95920112,,,PROBE_BW_DOWN,1278,1778061910532
1278,95976728,,,PROBE_BW_DOWN,1278,1778061910599
1278,95899392,,,PROBE_BW_REFILL,1157,1778061910666
1278,95899392,,,PROBE_BW_REFILL,1229,1778061910732
1278,95899392,,,PROBE_BW_REFILL,1148,1778061910799
1278,95899392,,,PROBE_BW_REFILL,1252,1778061910865
1278,95899392,,,PROBE_BW_REFILL,1159,1778061910932
1276,95976728,,,PROBE_BW_DOWN,1276,1778061911000
1279,95892488,1256.0,95508592.0,PROBE_BW_CRUISE,1090,1778061911333
1279,95892488,1251.0,95892488.0,PROBE_BW_CRUISE,1090,1778061911666
1279,95892488,1256.0,95508592.0,PROBE_BW_CRUISE,1090,1778061912000
1279,95892488,1256.0,95508592.0,PROBE_BW_CRUISE,1090,1778061913000
1279,95892488,,,PROBE_BW_REFILL,1279,1778061913071
1279,95892488,,,PROBE_BW_REFILL,1097,1778061913142
1279,95892488,,,PROBE_BW_UP,1279,1778061913214
1279,95892488,,,PROBE_BW_REFILL,1186,1778061913285
1279,95892488,,,PROBE_BW_REFILL,1200,1778061913356
1279,95892488,,,PROBE_BW_REFILL,1235,1778061913428
1279,95892488,,,PROBE_BW_REFILL,1207,1778061913499
1279,95892488,,,PROBE_BW_REFILL,1127,1778061913570
1279,95892488,,,PROBE_BW_REFILL,1237,1778061913642
1279,95892488,,,PROBE_BW_REFILL,1214,1778061913713
1279,95892488,,,PROBE_BW_REFILL,1253,1778061913784
1279,95892488,,,PROBE_BW_REFILL,1125,1778061913856
1279,95892488,,,PROBE_BW_REFILL,1116,1778061913927
1279,95892488,,,PROBE_BW_UP,1279,1778061914000
1279,95892488,,,PROBE_BW_DOWN,1279,1778061914124
1279,95833112,,,PROBE_BW_UP,1279,1778061914249
1278,95954632,,,PROBE_BW_DOWN,1278,1778061914374
1280,95954632,1252.0,95894560.0,PROBE_BW_DOWN,1252,1778061914499
1279,95833112,,,PROBE_BW_REFILL,1279,1778061914624
1280,95954632,,,PROBE_BW_UP,1280,1778061914749
1280,95954632,1253.0,95760616.0,PROBE_BW_DOWN,1253,1778061914874
1280,95954632,1253.0,95760616.0,PROBE_BW_CRUISE,1090,1778061915000
1280,95954632,1253.0,95760616.0,PROBE_BW_DOWN,1253,1778061915499
1280,95954632,1253.0,95760616.0,PROBE_BW_CRUISE,1090,1778061916000
1280,95954632,1253.0,95760616.0,PROBE_RTT,414,1778061916333
1280,95954632,,,PROBE_BW_CRUISE,1090,1778061916666
1280,95954632,,,PROBE_BW_CRUISE,1090,1778061917000
1280,95954632,,,PROBE_BW_CRUISE,1090,1778061918000
1280,95954632,,,PROBE_BW_REFILL,1280,1778061919000
1280,95954632,,,PROBE_BW_UP,1280,1778061919083
1280,95913208,,,PROBE_BW_REFILL,1280,1778061919166
1280,95913208,,,PROBE_BW_UP,1280,1778061919249
1280,95954632,,,PROBE_BW_CRUISE,1090,1778061919333
1280,95954632,,,PROBE_BW_DOWN,1280,1778061919416
1280,95954632,,,PROBE_BW_REFILL,1212,1778061919499
1280,95954632,,,PROBE_BW_REFILL,1270,1778061919582
1280,95954632,,,PROBE_BW_REFILL,1240,1778061919666
1280,95954632,,,PROBE_BW_REFILL,1178,1778061919749
1280,95954632,,,PROBE_BW_REFILL,1164,1778061919832
1280,95954632,,,PROBE_BW_REFILL,1152,1778061919915
1281,95913208,,,PROBE_BW_UP,1281,1778061920000
1281,95837944,1252.0,95815160.0,PROBE_BW_CRUISE,1091,1778061920124
1281,95837944,1253.0,95681896.0,PROBE_BW_CRUISE,1091,1778061920249
1271,95913208,,,PROBE_BW_DOWN,1271,1778061920374
1271,95913208,1252.0,95815160.0,PROBE_BW_DOWN,1252,1778061920499
1280,95913208,,,PROBE_BW_UP,1280,1778061920624
1281,95913208,1252.0,95815160.0,PROBE_BW_DOWN,1252,1778061920749
1281,95837944,1252.0,95815160.0,PROBE_BW_DOWN,1252,1778061920874
1281,95837944,1253.0,95681896.0,PROBE_BW_CRUISE,1091,1778061921000
1281,95837944,1253.0,95681896.0,PROBE_BW_CRUISE,1091,1778061922000
1281,95837944,,,PROBE_BW_REFILL,1281,1778061922111
1281,95837944,,,PROBE_RTT,415,1778061922222
1281,95837944,,,PROBE_BW_REFILL,1228,1778061922333
1281,95837944,,,PROBE_BW_REFILL,1266,1778061922444
1281,95837944,,,PROBE_BW_REFILL,1238,1778061922555
1281,95837944,,,PROBE_BW_REFILL,1196,1778061922666
1281,95837944,,,PROBE_BW_REFILL,1224,1778061922777
1281,95837944,,,PROBE_BW_REFILL,1245,1778061922888
1281,95837944,,,PROBE_BW_CRUISE,1091,1778061923000
1281,95837944,,,PROBE_BW_CRUISE,1091,1778061924000
1277,95909064,1252.0,95909064.0,PROBE_BW_CRUISE,1088,1778061926000
1281,95920112,,,PROBE_BW_CRUISE,1091,1778061926333
1281,95903536,,,PROBE_BW_UP,1281,1778061926666
1281,95903536,1253.0,95621832.0,PROBE_BW_CRUISE,1091,1778061927000
1281,95920112,,,PROBE_BW_UP,1281,1778061927249
1276,95913896,1255.0,95747496.0,PROBE_BW_CRUISE,1087,1778061927499
1277,95909064,1252.0,95610088.0,PROBE_BW_CRUISE,1088,1778061927749
1277,95906296,,,PROBE_BW_CRUISE,1088,1778061928000
1255,95985704,1251.0,95610088.0,PROBE_BW_CRUISE,1069,1778061928333
1278,95896632,1251.0,95896632.0,PROBE_BW_CRUISE,1089,1778061928666
1282,96000896,1254.0,95634952.0,PROBE_BW_CRUISE,1092,1778061929000
1280,95945656,,,PROBE_BW_CRUISE,1090,1778061929333
1277,95906296,,,PROBE_BW_CRUISE,1088,1778061929666
1277,95909064,,,PROBE_BW_UP,1277,1778061930000
1276,95913896,1255.0,95747496.0,PROBE_BW_CRUISE,1087,1778061930499
